resolucion,expediente,matricula,curso,margen,punto,X,Y,sistema,orden_publicacion,bo,url,consulta
428/15,34-185.548/14,"2020 Fracc. A, Finca Wierna",La Caldera,izq,LRi1,3562054.2,7273711.58,"Gauss-Krüger faja 3 (el edicto no declara el marco; se asume POSGAR 94, EPSG:22183)",100052034,10/02/2016; 11/02/2016,https://boletinoficialsalta.gob.ar/Imprimir_doc.php?cXdlcnR5dGFibGE9QXwxMDAwNTIwMzQmY2FiZT08aDY+IFB1YmxpY2FkbyBlbiBlbCBCb2xldMODwq1uIE9maWNpYWwgTsOCwrAgMTk3MTZ8MjAxNiwgZWwgZMODwq1hIDI2IGRlIEZlYnJlcm8gZGUgMjAxOTwvaDY+PEJSPnF3ZXJ0eQ=%3D,18/09/2026
428/15,34-185.548/14,"2020 Fracc. A, Finca Wierna",La Caldera,izq,LRi2,3562049.42,7273667.13,"Gauss-Krüger faja 3 (el edicto no declara el marco; se asume POSGAR 94, EPSG:22183)",100052034,10/02/2016; 11/02/2016,https://boletinoficialsalta.gob.ar/Imprimir_doc.php?cXdlcnR5dGFibGE9QXwxMDAwNTIwMzQmY2FiZT08aDY+IFB1YmxpY2FkbyBlbiBlbCBCb2xldMODwq1uIE9maWNpYWwgTsOCwrAgMTk3MTZ8MjAxNiwgZWwgZMODwq1hIDI2IGRlIEZlYnJlcm8gZGUgMjAxOTwvaDY+PEJSPnF3ZXJ0eQ=%3D,18/09/2026
428/15,34-185.548/14,"2020 Fracc. A, Finca Wierna",La Caldera,izq,LRi3,3562049.42,7273640.31,"Gauss-Krüger faja 3 (el edicto no declara el marco; se asume POSGAR 94, EPSG:22183)",100052034,10/02/2016; 11/02/2016,https://boletinoficialsalta.gob.ar/Imprimir_doc.php?cXdlcnR5dGFibGE9QXwxMDAwNTIwMzQmY2FiZT08aDY+IFB1YmxpY2FkbyBlbiBlbCBCb2xldMODwq1uIE9maWNpYWwgTsOCwrAgMTk3MTZ8MjAxNiwgZWwgZMODwq1hIDI2IGRlIEZlYnJlcm8gZGUgMjAxOTwvaDY+PEJSPnF3ZXJ0eQ=%3D,18/09/2026
428/15,34-185.548/14,"2020 Fracc. A, Finca Wierna",La Caldera,izq,LRi4,3562061.82,7273597.5,"Gauss-Krüger faja 3 (el edicto no declara el marco; se asume POSGAR 94, EPSG:22183)",100052034,10/02/2016; 11/02/2016,https://boletinoficialsalta.gob.ar/Imprimir_doc.php?cXdlcnR5dGFibGE9QXwxMDAwNTIwMzQmY2FiZT08aDY+IFB1YmxpY2FkbyBlbiBlbCBCb2xldMODwq1uIE9maWNpYWwgTsOCwrAgMTk3MTZ8MjAxNiwgZWwgZMODwq1hIDI2IGRlIEZlYnJlcm8gZGUgMjAxOTwvaDY+PEJSPnF3ZXJ0eQ=%3D,18/09/2026
428/15,34-185.548/14,"2020 Fracc. A, Finca Wierna",La Caldera,izq,LRi5,3562055.1,7273571.2,"Gauss-Krüger faja 3 (el edicto no declara el marco; se asume POSGAR 94, EPSG:22183)",100052034,10/02/2016; 11/02/2016,https://boletinoficialsalta.gob.ar/Imprimir_doc.php?cXdlcnR5dGFibGE9QXwxMDAwNTIwMzQmY2FiZT08aDY+IFB1YmxpY2FkbyBlbiBlbCBCb2xldMODwq1uIE9maWNpYWwgTsOCwrAgMTk3MTZ8MjAxNiwgZWwgZMODwq1hIDI2IGRlIEZlYnJlcm8gZGUgMjAxOTwvaDY+PEJSPnF3ZXJ0eQ=%3D,18/09/2026
428/15,34-185.548/14,"2020 Fracc. A, Finca Wierna",La Caldera,izq,LRi6,3562044.48,7273552.32,"Gauss-Krüger faja 3 (el edicto no declara el marco; se asume POSGAR 94, EPSG:22183)",100052034,10/02/2016; 11/02/2016,https://boletinoficialsalta.gob.ar/Imprimir_doc.php?cXdlcnR5dGFibGE9QXwxMDAwNTIwMzQmY2FiZT08aDY+IFB1YmxpY2FkbyBlbiBlbCBCb2xldMODwq1uIE9maWNpYWwgTsOCwrAgMTk3MTZ8MjAxNiwgZWwgZMODwq1hIDI2IGRlIEZlYnJlcm8gZGUgMjAxOTwvaDY+PEJSPnF3ZXJ0eQ=%3D,18/09/2026
428/15,34-185.548/14,"2020 Fracc. A, Finca Wierna",La Caldera,izq,LRi7,3562056.84,7273525.19,"Gauss-Krüger faja 3 (el edicto no declara el marco; se asume POSGAR 94, EPSG:22183)",100052034,10/02/2016; 11/02/2016,https://boletinoficialsalta.gob.ar/Imprimir_doc.php?cXdlcnR5dGFibGE9QXwxMDAwNTIwMzQmY2FiZT08aDY+IFB1YmxpY2FkbyBlbiBlbCBCb2xldMODwq1uIE9maWNpYWwgTsOCwrAgMTk3MTZ8MjAxNiwgZWwgZMODwq1hIDI2IGRlIEZlYnJlcm8gZGUgMjAxOTwvaDY+PEJSPnF3ZXJ0eQ=%3D,18/09/2026
428/15,34-185.548/14,"2020 Fracc. A, Finca Wierna",La Caldera,izq,LRi8,3562052.22,7273475.8,"Gauss-Krüger faja 3 (el edicto no declara el marco; se asume POSGAR 94, EPSG:22183)",100052034,10/02/2016; 11/02/2016,https://boletinoficialsalta.gob.ar/Imprimir_doc.php?cXdlcnR5dGFibGE9QXwxMDAwNTIwMzQmY2FiZT08aDY+IFB1YmxpY2FkbyBlbiBlbCBCb2xldMODwq1uIE9maWNpYWwgTsOCwrAgMTk3MTZ8MjAxNiwgZWwgZMODwq1hIDI2IGRlIEZlYnJlcm8gZGUgMjAxOTwvaDY+PEJSPnF3ZXJ0eQ=%3D,18/09/2026
428/15,34-185.548/14,"2020 Fracc. A, Finca Wierna",La Caldera,izq,LRi9,3562044.34,7273448.93,"Gauss-Krüger faja 3 (el edicto no declara el marco; se asume POSGAR 94, EPSG:22183)",100052034,10/02/2016; 11/02/2016,https://boletinoficialsalta.gob.ar/Imprimir_doc.php?cXdlcnR5dGFibGE9QXwxMDAwNTIwMzQmY2FiZT08aDY+IFB1YmxpY2FkbyBlbiBlbCBCb2xldMODwq1uIE9maWNpYWwgTsOCwrAgMTk3MTZ8MjAxNiwgZWwgZMODwq1hIDI2IGRlIEZlYnJlcm8gZGUgMjAxOTwvaDY+PEJSPnF3ZXJ0eQ=%3D,18/09/2026
428/15,34-185.548/14,"2020 Fracc. A, Finca Wierna",La Caldera,izq,LRi10,3562048.6,7273397.17,"Gauss-Krüger faja 3 (el edicto no declara el marco; se asume POSGAR 94, EPSG:22183)",100052034,10/02/2016; 11/02/2016,https://boletinoficialsalta.gob.ar/Imprimir_doc.php?cXdlcnR5dGFibGE9QXwxMDAwNTIwMzQmY2FiZT08aDY+IFB1YmxpY2FkbyBlbiBlbCBCb2xldMODwq1uIE9maWNpYWwgTsOCwrAgMTk3MTZ8MjAxNiwgZWwgZMODwq1hIDI2IGRlIEZlYnJlcm8gZGUgMjAxOTwvaDY+PEJSPnF3ZXJ0eQ=%3D,18/09/2026
428/15,34-185.548/14,"2020 Fracc. A, Finca Wierna",La Caldera,izq,LRi11,3562034.07,7273339.74,"Gauss-Krüger faja 3 (el edicto no declara el marco; se asume POSGAR 94, EPSG:22183)",100052034,10/02/2016; 11/02/2016,https://boletinoficialsalta.gob.ar/Imprimir_doc.php?cXdlcnR5dGFibGE9QXwxMDAwNTIwMzQmY2FiZT08aDY+IFB1YmxpY2FkbyBlbiBlbCBCb2xldMODwq1uIE9maWNpYWwgTsOCwrAgMTk3MTZ8MjAxNiwgZWwgZMODwq1hIDI2IGRlIEZlYnJlcm8gZGUgMjAxOTwvaDY+PEJSPnF3ZXJ0eQ=%3D,18/09/2026
428/15,34-185.548/14,"2020 Fracc. A, Finca Wierna",La Caldera,izq,LRi12,3562042.88,7273278.19,"Gauss-Krüger faja 3 (el edicto no declara el marco; se asume POSGAR 94, EPSG:22183)",100052034,10/02/2016; 11/02/2016,https://boletinoficialsalta.gob.ar/Imprimir_doc.php?cXdlcnR5dGFibGE9QXwxMDAwNTIwMzQmY2FiZT08aDY+IFB1YmxpY2FkbyBlbiBlbCBCb2xldMODwq1uIE9maWNpYWwgTsOCwrAgMTk3MTZ8MjAxNiwgZWwgZMODwq1hIDI2IGRlIEZlYnJlcm8gZGUgMjAxOTwvaDY+PEJSPnF3ZXJ0eQ=%3D,18/09/2026
428/15,34-185.548/14,"2020 Fracc. A, Finca Wierna",La Caldera,izq,LRi13,3562037.04,7273230.94,"Gauss-Krüger faja 3 (el edicto no declara el marco; se asume POSGAR 94, EPSG:22183)",100052034,10/02/2016; 11/02/2016,https://boletinoficialsalta.gob.ar/Imprimir_doc.php?cXdlcnR5dGFibGE9QXwxMDAwNTIwMzQmY2FiZT08aDY+IFB1YmxpY2FkbyBlbiBlbCBCb2xldMODwq1uIE9maWNpYWwgTsOCwrAgMTk3MTZ8MjAxNiwgZWwgZMODwq1hIDI2IGRlIEZlYnJlcm8gZGUgMjAxOTwvaDY+PEJSPnF3ZXJ0eQ=%3D,18/09/2026
428/15,34-185.548/14,"2020 Fracc. A, Finca Wierna",La Caldera,der,LRd1,3561773.5,7273237.84,"Gauss-Krüger faja 3 (el edicto no declara el marco; se asume POSGAR 94, EPSG:22183)",100052034,10/02/2016; 11/02/2016,https://boletinoficialsalta.gob.ar/Imprimir_doc.php?cXdlcnR5dGFibGE9QXwxMDAwNTIwMzQmY2FiZT08aDY+IFB1YmxpY2FkbyBlbiBlbCBCb2xldMODwq1uIE9maWNpYWwgTsOCwrAgMTk3MTZ8MjAxNiwgZWwgZMODwq1hIDI2IGRlIEZlYnJlcm8gZGUgMjAxOTwvaDY+PEJSPnF3ZXJ0eQ=%3D,18/09/2026
428/15,34-185.548/14,"2020 Fracc. A, Finca Wierna",La Caldera,der,LRd2,3561562.52,7273635.23,"Gauss-Krüger faja 3 (el edicto no declara el marco; se asume POSGAR 94, EPSG:22183)",100052034,10/02/2016; 11/02/2016,https://boletinoficialsalta.gob.ar/Imprimir_doc.php?cXdlcnR5dGFibGE9QXwxMDAwNTIwMzQmY2FiZT08aDY+IFB1YmxpY2FkbyBlbiBlbCBCb2xldMODwq1uIE9maWNpYWwgTsOCwrAgMTk3MTZ8MjAxNiwgZWwgZMODwq1hIDI2IGRlIEZlYnJlcm8gZGUgMjAxOTwvaDY+PEJSPnF3ZXJ0eQ=%3D,18/09/2026
428/15,34-185.548/14,"2020 Fracc. A, Finca Wierna",La Caldera,der,LRd3,3561499.91,7273758.76,"Gauss-Krüger faja 3 (el edicto no declara el marco; se asume POSGAR 94, EPSG:22183)",100052034,10/02/2016; 11/02/2016,https://boletinoficialsalta.gob.ar/Imprimir_doc.php?cXdlcnR5dGFibGE9QXwxMDAwNTIwMzQmY2FiZT08aDY+IFB1YmxpY2FkbyBlbiBlbCBCb2xldMODwq1uIE9maWNpYWwgTsOCwrAgMTk3MTZ8MjAxNiwgZWwgZMODwq1hIDI2IGRlIEZlYnJlcm8gZGUgMjAxOTwvaDY+PEJSPnF3ZXJ0eQ=%3D,18/09/2026
428/15,34-185.548/14,"2020 Fracc. A, Finca Wierna",La Caldera,der,LRd4,3561496.01,7273782.74,"Gauss-Krüger faja 3 (el edicto no declara el marco; se asume POSGAR 94, EPSG:22183)",100052034,10/02/2016; 11/02/2016,https://boletinoficialsalta.gob.ar/Imprimir_doc.php?cXdlcnR5dGFibGE9QXwxMDAwNTIwMzQmY2FiZT08aDY+IFB1YmxpY2FkbyBlbiBlbCBCb2xldMODwq1uIE9maWNpYWwgTsOCwrAgMTk3MTZ8MjAxNiwgZWwgZMODwq1hIDI2IGRlIEZlYnJlcm8gZGUgMjAxOTwvaDY+PEJSPnF3ZXJ0eQ=%3D,18/09/2026
185/14,34-167.127/13,"4366, Finca La Caldera o Getsemaní",La Caldera,der,LRD-01,3561813.23,7278225.84,"Gauss-Krüger faja 3 (el edicto no declara el marco; se asume POSGAR 94, EPSG:22183)",100042563,"21/07/2014; 22/07/2014 (B.O. 19.346 y 19.347, págs. 4648-4650)",https://boletinoficialsalta.gob.ar/pdfs/2014/19346.pdf,18/09/2026
185/14,34-167.127/13,"4366, Finca La Caldera o Getsemaní",La Caldera,der,LRD-02,3561745.4,7278116.65,"Gauss-Krüger faja 3 (el edicto no declara el marco; se asume POSGAR 94, EPSG:22183)",100042563,"21/07/2014; 22/07/2014 (B.O. 19.346 y 19.347, págs. 4648-4650)",https://boletinoficialsalta.gob.ar/pdfs/2014/19346.pdf,18/09/2026
185/14,34-167.127/13,"4366, Finca La Caldera o Getsemaní",La Caldera,der,LRD-03,3561715.27,7277887.23,"Gauss-Krüger faja 3 (el edicto no declara el marco; se asume POSGAR 94, EPSG:22183)",100042563,"21/07/2014; 22/07/2014 (B.O. 19.346 y 19.347, págs. 4648-4650)",https://boletinoficialsalta.gob.ar/pdfs/2014/19346.pdf,18/09/2026
185/14,34-167.127/13,"4366, Finca La Caldera o Getsemaní",La Caldera,der,LRD-04,3561679.63,7277790.09,"Gauss-Krüger faja 3 (el edicto no declara el marco; se asume POSGAR 94, EPSG:22183)",100042563,"21/07/2014; 22/07/2014 (B.O. 19.346 y 19.347, págs. 4648-4650)",https://boletinoficialsalta.gob.ar/pdfs/2014/19346.pdf,18/09/2026
185/14,34-167.127/13,"4366, Finca La Caldera o Getsemaní",La Caldera,der,LRD-05,3561557.28,7277378.91,"Gauss-Krüger faja 3 (el edicto no declara el marco; se asume POSGAR 94, EPSG:22183)",100042563,"21/07/2014; 22/07/2014 (B.O. 19.346 y 19.347, págs. 4648-4650)",https://boletinoficialsalta.gob.ar/pdfs/2014/19346.pdf,18/09/2026
185/14,34-167.127/13,"4366, Finca La Caldera o Getsemaní",La Caldera,der,LRD-06,3561516.85,7277287.25,"Gauss-Krüger faja 3 (el edicto no declara el marco; se asume POSGAR 94, EPSG:22183)",100042563,"21/07/2014; 22/07/2014 (B.O. 19.346 y 19.347, págs. 4648-4650)",https://boletinoficialsalta.gob.ar/pdfs/2014/19346.pdf,18/09/2026
185/14,34-167.127/13,"4366, Finca La Caldera o Getsemaní",La Caldera,der,LRD-07,3561510.18,7277171.67,"Gauss-Krüger faja 3 (el edicto no declara el marco; se asume POSGAR 94, EPSG:22183)",100042563,"21/07/2014; 22/07/2014 (B.O. 19.346 y 19.347, págs. 4648-4650)",https://boletinoficialsalta.gob.ar/pdfs/2014/19346.pdf,18/09/2026
185/14,34-167.127/13,"4366, Finca La Caldera o Getsemaní",La Caldera,der,LRD-08,3561474.13,7277077.45,"Gauss-Krüger faja 3 (el edicto no declara el marco; se asume POSGAR 94, EPSG:22183)",100042563,"21/07/2014; 22/07/2014 (B.O. 19.346 y 19.347, págs. 4648-4650)",https://boletinoficialsalta.gob.ar/pdfs/2014/19346.pdf,18/09/2026
185/14,34-167.127/13,"4366, Finca La Caldera o Getsemaní",La Caldera,der,LRD-09,3561413.48,7276978.19,"Gauss-Krüger faja 3 (el edicto no declara el marco; se asume POSGAR 94, EPSG:22183)",100042563,"21/07/2014; 22/07/2014 (B.O. 19.346 y 19.347, págs. 4648-4650)",https://boletinoficialsalta.gob.ar/pdfs/2014/19346.pdf,18/09/2026
185/14,34-167.127/13,"4366, Finca La Caldera o Getsemaní",La Caldera,der,LRD-10,3561419.76,7276871.77,"Gauss-Krüger faja 3 (el edicto no declara el marco; se asume POSGAR 94, EPSG:22183)",100042563,"21/07/2014; 22/07/2014 (B.O. 19.346 y 19.347, págs. 4648-4650)",https://boletinoficialsalta.gob.ar/pdfs/2014/19346.pdf,18/09/2026
185/14,34-167.127/13,"4366, Finca La Caldera o Getsemaní",La Caldera,der,LRD-11,3561407.04,7276767.74,"Gauss-Krüger faja 3 (el edicto no declara el marco; se asume POSGAR 94, EPSG:22183)",100042563,"21/07/2014; 22/07/2014 (B.O. 19.346 y 19.347, págs. 4648-4650)",https://boletinoficialsalta.gob.ar/pdfs/2014/19346.pdf,18/09/2026
185/14,34-167.127/13,"4366, Finca La Caldera o Getsemaní",La Caldera,der,LRD-12,3561364.72,7276653.38,"Gauss-Krüger faja 3 (el edicto no declara el marco; se asume POSGAR 94, EPSG:22183)",100042563,"21/07/2014; 22/07/2014 (B.O. 19.346 y 19.347, págs. 4648-4650)",https://boletinoficialsalta.gob.ar/pdfs/2014/19346.pdf,18/09/2026
185/14,34-167.127/13,"4366, Finca La Caldera o Getsemaní",La Caldera,der,LRD-13,3561318.41,7276419.9,"Gauss-Krüger faja 3 (el edicto no declara el marco; se asume POSGAR 94, EPSG:22183)",100042563,"21/07/2014; 22/07/2014 (B.O. 19.346 y 19.347, págs. 4648-4650)",https://boletinoficialsalta.gob.ar/pdfs/2014/19346.pdf,18/09/2026
185/14,34-167.127/13,"4366, Finca La Caldera o Getsemaní",La Caldera,der,LRD-14,3561283.29,7276241.39,"Gauss-Krüger faja 3 (el edicto no declara el marco; se asume POSGAR 94, EPSG:22183)",100042563,"21/07/2014; 22/07/2014 (B.O. 19.346 y 19.347, págs. 4648-4650)",https://boletinoficialsalta.gob.ar/pdfs/2014/19346.pdf,18/09/2026
185/14,34-167.127/13,"4366, Finca La Caldera o Getsemaní",La Caldera,izq,LRI-01,3562295.12,7277843.84,"Gauss-Krüger faja 3 (el edicto no declara el marco; se asume POSGAR 94, EPSG:22183)",100042563,"21/07/2014; 22/07/2014 (B.O. 19.346 y 19.347, págs. 4648-4650)",https://boletinoficialsalta.gob.ar/pdfs/2014/19346.pdf,18/09/2026
185/14,34-167.127/13,"4366, Finca La Caldera o Getsemaní",La Caldera,izq,LRI-02,3562195.78,7277717.82,"Gauss-Krüger faja 3 (el edicto no declara el marco; se asume POSGAR 94, EPSG:22183)",100042563,"21/07/2014; 22/07/2014 (B.O. 19.346 y 19.347, págs. 4648-4650)",https://boletinoficialsalta.gob.ar/pdfs/2014/19346.pdf,18/09/2026
185/14,34-167.127/13,"4366, Finca La Caldera o Getsemaní",La Caldera,izq,LRI-03,3561980.96,7277498.82,"Gauss-Krüger faja 3 (el edicto no declara el marco; se asume POSGAR 94, EPSG:22183)",100042563,"21/07/2014; 22/07/2014 (B.O. 19.346 y 19.347, págs. 4648-4650)",https://boletinoficialsalta.gob.ar/pdfs/2014/19346.pdf,18/09/2026
185/14,34-167.127/13,"4366, Finca La Caldera o Getsemaní",La Caldera,izq,LRI-04,3561816.98,7277282.28,"Gauss-Krüger faja 3 (el edicto no declara el marco; se asume POSGAR 94, EPSG:22183)",100042563,"21/07/2014; 22/07/2014 (B.O. 19.346 y 19.347, págs. 4648-4650)",https://boletinoficialsalta.gob.ar/pdfs/2014/19346.pdf,18/09/2026
185/14,34-167.127/13,"4366, Finca La Caldera o Getsemaní",La Caldera,izq,LRI-05,3561841.22,7276909.26,"Gauss-Krüger faja 3 (el edicto no declara el marco; se asume POSGAR 94, EPSG:22183)",100042563,"21/07/2014; 22/07/2014 (B.O. 19.346 y 19.347, págs. 4648-4650)",https://boletinoficialsalta.gob.ar/pdfs/2014/19346.pdf,18/09/2026
185/14,34-167.127/13,"4366, Finca La Caldera o Getsemaní",La Caldera,izq,LRI-06,3561787.59,7276567.9,"Gauss-Krüger faja 3 (el edicto no declara el marco; se asume POSGAR 94, EPSG:22183)",100042563,"21/07/2014; 22/07/2014 (B.O. 19.346 y 19.347, págs. 4648-4650)",https://boletinoficialsalta.gob.ar/pdfs/2014/19346.pdf,18/09/2026
185/14,34-167.127/13,"4366, Finca La Caldera o Getsemaní",La Caldera,izq,LRI-07,3561747.89,7276269.4,"Gauss-Krüger faja 3 (el edicto no declara el marco; se asume POSGAR 94, EPSG:22183)",100042563,"21/07/2014; 22/07/2014 (B.O. 19.346 y 19.347, págs. 4648-4650)",https://boletinoficialsalta.gob.ar/pdfs/2014/19346.pdf,18/09/2026
185/14,34-167.127/13,"4366, Finca La Caldera o Getsemaní",El Manzano,der,LRD-01,3558835.05,7278547.76,"Gauss-Krüger faja 3 (el edicto no declara el marco; se asume POSGAR 94, EPSG:22183)",100042563,"21/07/2014; 22/07/2014 (B.O. 19.346 y 19.347, págs. 4648-4650)",https://boletinoficialsalta.gob.ar/pdfs/2014/19346.pdf,18/09/2026
185/14,34-167.127/13,"4366, Finca La Caldera o Getsemaní",El Manzano,der,LRD-02,3558878.72,7278578.54,"Gauss-Krüger faja 3 (el edicto no declara el marco; se asume POSGAR 94, EPSG:22183)",100042563,"21/07/2014; 22/07/2014 (B.O. 19.346 y 19.347, págs. 4648-4650)",https://boletinoficialsalta.gob.ar/pdfs/2014/19346.pdf,18/09/2026
185/14,34-167.127/13,"4366, Finca La Caldera o Getsemaní",El Manzano,der,LRD-03,3558926.6,7278592.47,"Gauss-Krüger faja 3 (el edicto no declara el marco; se asume POSGAR 94, EPSG:22183)",100042563,"21/07/2014; 22/07/2014 (B.O. 19.346 y 19.347, págs. 4648-4650)",https://boletinoficialsalta.gob.ar/pdfs/2014/19346.pdf,18/09/2026
185/14,34-167.127/13,"4366, Finca La Caldera o Getsemaní",El Manzano,der,LRD-04,3558976.6,7278599.04,"Gauss-Krüger faja 3 (el edicto no declara el marco; se asume POSGAR 94, EPSG:22183)",100042563,"21/07/2014; 22/07/2014 (B.O. 19.346 y 19.347, págs. 4648-4650)",https://boletinoficialsalta.gob.ar/pdfs/2014/19346.pdf,18/09/2026
185/14,34-167.127/13,"4366, Finca La Caldera o Getsemaní",El Manzano,der,LRD-05,3559029.9,7278594.64,"Gauss-Krüger faja 3 (el edicto no declara el marco; se asume POSGAR 94, EPSG:22183)",100042563,"21/07/2014; 22/07/2014 (B.O. 19.346 y 19.347, págs. 4648-4650)",https://boletinoficialsalta.gob.ar/pdfs/2014/19346.pdf,18/09/2026
185/14,34-167.127/13,"4366, Finca La Caldera o Getsemaní",El Manzano,der,LRD-06,3559178.15,7278571.37,"Gauss-Krüger faja 3 (el edicto no declara el marco; se asume POSGAR 94, EPSG:22183)",100042563,"21/07/2014; 22/07/2014 (B.O. 19.346 y 19.347, págs. 4648-4650)",https://boletinoficialsalta.gob.ar/pdfs/2014/19346.pdf,18/09/2026
185/14,34-167.127/13,"4366, Finca La Caldera o Getsemaní",El Manzano,der,LRD-07,3559228.58,7278562.48,"Gauss-Krüger faja 3 (el edicto no declara el marco; se asume POSGAR 94, EPSG:22183)",100042563,"21/07/2014; 22/07/2014 (B.O. 19.346 y 19.347, págs. 4648-4650)",https://boletinoficialsalta.gob.ar/pdfs/2014/19346.pdf,18/09/2026
185/14,34-167.127/13,"4366, Finca La Caldera o Getsemaní",El Manzano,der,LRD-08,3559374.87,7278513.93,"Gauss-Krüger faja 3 (el edicto no declara el marco; se asume POSGAR 94, EPSG:22183)",100042563,"21/07/2014; 22/07/2014 (B.O. 19.346 y 19.347, págs. 4648-4650)",https://boletinoficialsalta.gob.ar/pdfs/2014/19346.pdf,18/09/2026
185/14,34-167.127/13,"4366, Finca La Caldera o Getsemaní",El Manzano,der,LRD-09,3559411.5,7278479.15,"Gauss-Krüger faja 3 (el edicto no declara el marco; se asume POSGAR 94, EPSG:22183)",100042563,"21/07/2014; 22/07/2014 (B.O. 19.346 y 19.347, págs. 4648-4650)",https://boletinoficialsalta.gob.ar/pdfs/2014/19346.pdf,18/09/2026
185/14,34-167.127/13,"4366, Finca La Caldera o Getsemaní",El Manzano,der,LRD-10,3559597.74,7278514.21,"Gauss-Krüger faja 3 (el edicto no declara el marco; se asume POSGAR 94, EPSG:22183)",100042563,"21/07/2014; 22/07/2014 (B.O. 19.346 y 19.347, págs. 4648-4650)",https://boletinoficialsalta.gob.ar/pdfs/2014/19346.pdf,18/09/2026
185/14,34-167.127/13,"4366, Finca La Caldera o Getsemaní",El Manzano,der,LRD-11,3559647.69,7278519.9,"Gauss-Krüger faja 3 (el edicto no declara el marco; se asume POSGAR 94, EPSG:22183)",100042563,"21/07/2014; 22/07/2014 (B.O. 19.346 y 19.347, págs. 4648-4650)",https://boletinoficialsalta.gob.ar/pdfs/2014/19346.pdf,18/09/2026
185/14,34-167.127/13,"4366, Finca La Caldera o Getsemaní",El Manzano,der,LRD-12,3559698.05,7278531.17,"Gauss-Krüger faja 3 (el edicto no declara el marco; se asume POSGAR 94, EPSG:22183)",100042563,"21/07/2014; 22/07/2014 (B.O. 19.346 y 19.347, págs. 4648-4650)",https://boletinoficialsalta.gob.ar/pdfs/2014/19346.pdf,18/09/2026
185/14,34-167.127/13,"4366, Finca La Caldera o Getsemaní",El Manzano,der,LRD-13,3559748.59,7278540.67,"Gauss-Krüger faja 3 (el edicto no declara el marco; se asume POSGAR 94, EPSG:22183)",100042563,"21/07/2014; 22/07/2014 (B.O. 19.346 y 19.347, págs. 4648-4650)",https://boletinoficialsalta.gob.ar/pdfs/2014/19346.pdf,18/09/2026
185/14,34-167.127/13,"4366, Finca La Caldera o Getsemaní",El Manzano,der,LRD-14,3559898.2,7278506.66,"Gauss-Krüger faja 3 (el edicto no declara el marco; se asume POSGAR 94, EPSG:22183)",100042563,"21/07/2014; 22/07/2014 (B.O. 19.346 y 19.347, págs. 4648-4650)",https://boletinoficialsalta.gob.ar/pdfs/2014/19346.pdf,18/09/2026
185/14,34-167.127/13,"4366, Finca La Caldera o Getsemaní",El Manzano,der,LRD-15,3559946.66,7278494.21,"Gauss-Krüger faja 3 (el edicto no declara el marco; se asume POSGAR 94, EPSG:22183)",100042563,"21/07/2014; 22/07/2014 (B.O. 19.346 y 19.347, págs. 4648-4650)",https://boletinoficialsalta.gob.ar/pdfs/2014/19346.pdf,18/09/2026
185/14,34-167.127/13,"4366, Finca La Caldera o Getsemaní",El Manzano,der,LRD-16,3559994.72,7278480.4,"Gauss-Krüger faja 3 (el edicto no declara el marco; se asume POSGAR 94, EPSG:22183)",100042563,"21/07/2014; 22/07/2014 (B.O. 19.346 y 19.347, págs. 4648-4650)",https://boletinoficialsalta.gob.ar/pdfs/2014/19346.pdf,18/09/2026
185/14,34-167.127/13,"4366, Finca La Caldera o Getsemaní",El Manzano,der,LRD-17,3560042.27,7278464.89,"Gauss-Krüger faja 3 (el edicto no declara el marco; se asume POSGAR 94, EPSG:22183)",100042563,"21/07/2014; 22/07/2014 (B.O. 19.346 y 19.347, págs. 4648-4650)",https://boletinoficialsalta.gob.ar/pdfs/2014/19346.pdf,18/09/2026
185/14,34-167.127/13,"4366, Finca La Caldera o Getsemaní",El Manzano,der,LRD-18,3560140.12,7278443.04,"Gauss-Krüger faja 3 (el edicto no declara el marco; se asume POSGAR 94, EPSG:22183)",100042563,"21/07/2014; 22/07/2014 (B.O. 19.346 y 19.347, págs. 4648-4650)",https://boletinoficialsalta.gob.ar/pdfs/2014/19346.pdf,18/09/2026
185/14,34-167.127/13,"4366, Finca La Caldera o Getsemaní",El Manzano,der,LRD-19,3560180.34,7278402.53,"Gauss-Krüger faja 3 (el edicto no declara el marco; se asume POSGAR 94, EPSG:22183)",100042563,"21/07/2014; 22/07/2014 (B.O. 19.346 y 19.347, págs. 4648-4650)",https://boletinoficialsalta.gob.ar/pdfs/2014/19346.pdf,18/09/2026
185/14,34-167.127/13,"4366, Finca La Caldera o Getsemaní",El Manzano,der,LRD-20,3560259.09,7278340.9,"Gauss-Krüger faja 3 (el edicto no declara el marco; se asume POSGAR 94, EPSG:22183)",100042563,"21/07/2014; 22/07/2014 (B.O. 19.346 y 19.347, págs. 4648-4650)",https://boletinoficialsalta.gob.ar/pdfs/2014/19346.pdf,18/09/2026
185/14,34-167.127/13,"4366, Finca La Caldera o Getsemaní",El Manzano,der,LRD-21,3560340.63,7278306.37,"Gauss-Krüger faja 3 (el edicto no declara el marco; se asume POSGAR 94, EPSG:22183)",100042563,"21/07/2014; 22/07/2014 (B.O. 19.346 y 19.347, págs. 4648-4650)",https://boletinoficialsalta.gob.ar/pdfs/2014/19346.pdf,18/09/2026
185/14,34-167.127/13,"4366, Finca La Caldera o Getsemaní",El Manzano,der,LRD-22,3560390.4,7278311.01,"Gauss-Krüger faja 3 (el edicto no declara el marco; se asume POSGAR 94, EPSG:22183)",100042563,"21/07/2014; 22/07/2014 (B.O. 19.346 y 19.347, págs. 4648-4650)",https://boletinoficialsalta.gob.ar/pdfs/2014/19346.pdf,18/09/2026
185/14,34-167.127/13,"4366, Finca La Caldera o Getsemaní",El Manzano,der,LRD-23,3560440.4,7278310.96,"Gauss-Krüger faja 3 (el edicto no declara el marco; se asume POSGAR 94, EPSG:22183)",100042563,"21/07/2014; 22/07/2014 (B.O. 19.346 y 19.347, págs. 4648-4650)",https://boletinoficialsalta.gob.ar/pdfs/2014/19346.pdf,18/09/2026
185/14,34-167.127/13,"4366, Finca La Caldera o Getsemaní",El Manzano,der,LRD-24,3560493.65,7278299.62,"Gauss-Krüger faja 3 (el edicto no declara el marco; se asume POSGAR 94, EPSG:22183)",100042563,"21/07/2014; 22/07/2014 (B.O. 19.346 y 19.347, págs. 4648-4650)",https://boletinoficialsalta.gob.ar/pdfs/2014/19346.pdf,18/09/2026
185/14,34-167.127/13,"4366, Finca La Caldera o Getsemaní",El Manzano,der,LRD-25,3560540.5,7278282.1,"Gauss-Krüger faja 3 (el edicto no declara el marco; se asume POSGAR 94, EPSG:22183)",100042563,"21/07/2014; 22/07/2014 (B.O. 19.346 y 19.347, págs. 4648-4650)",https://boletinoficialsalta.gob.ar/pdfs/2014/19346.pdf,18/09/2026
185/14,34-167.127/13,"4366, Finca La Caldera o Getsemaní",El Manzano,der,LRD-26,3560587.48,7278264.93,"Gauss-Krüger faja 3 (el edicto no declara el marco; se asume POSGAR 94, EPSG:22183)",100042563,"21/07/2014; 22/07/2014 (B.O. 19.346 y 19.347, págs. 4648-4650)",https://boletinoficialsalta.gob.ar/pdfs/2014/19346.pdf,18/09/2026
185/14,34-167.127/13,"4366, Finca La Caldera o Getsemaní",El Manzano,der,LRD-27,3560634.41,7278247.63,"Gauss-Krüger faja 3 (el edicto no declara el marco; se asume POSGAR 94, EPSG:22183)",100042563,"21/07/2014; 22/07/2014 (B.O. 19.346 y 19.347, págs. 4648-4650)",https://boletinoficialsalta.gob.ar/pdfs/2014/19346.pdf,18/09/2026
185/14,34-167.127/13,"4366, Finca La Caldera o Getsemaní",El Manzano,der,LRD-28,3560670.3,7278205.56,"Gauss-Krüger faja 3 (el edicto no declara el marco; se asume POSGAR 94, EPSG:22183)",100042563,"21/07/2014; 22/07/2014 (B.O. 19.346 y 19.347, págs. 4648-4650)",https://boletinoficialsalta.gob.ar/pdfs/2014/19346.pdf,18/09/2026
185/14,34-167.127/13,"4366, Finca La Caldera o Getsemaní",El Manzano,der,LRD-29,3560695.87,7278162.63,"Gauss-Krüger faja 3 (el edicto no declara el marco; se asume POSGAR 94, EPSG:22183)",100042563,"21/07/2014; 22/07/2014 (B.O. 19.346 y 19.347, págs. 4648-4650)",https://boletinoficialsalta.gob.ar/pdfs/2014/19346.pdf,18/09/2026
185/14,34-167.127/13,"4366, Finca La Caldera o Getsemaní",El Manzano,der,LRD-30,3560756.28,7278082.87,"Gauss-Krüger faja 3 (el edicto no declara el marco; se asume POSGAR 94, EPSG:22183)",100042563,"21/07/2014; 22/07/2014 (B.O. 19.346 y 19.347, págs. 4648-4650)",https://boletinoficialsalta.gob.ar/pdfs/2014/19346.pdf,18/09/2026
185/14,34-167.127/13,"4366, Finca La Caldera o Getsemaní",El Manzano,der,LRD-31,3560783.49,7278056.28,"Gauss-Krüger faja 3 (el edicto no declara el marco; se asume POSGAR 94, EPSG:22183)",100042563,"21/07/2014; 22/07/2014 (B.O. 19.346 y 19.347, págs. 4648-4650)",https://boletinoficialsalta.gob.ar/pdfs/2014/19346.pdf,18/09/2026
185/14,34-167.127/13,"4366, Finca La Caldera o Getsemaní",El Manzano,der,LRD-32,3560833.88,7278062.36,"Gauss-Krüger faja 3 (el edicto no declara el marco; se asume POSGAR 94, EPSG:22183)",100042563,"21/07/2014; 22/07/2014 (B.O. 19.346 y 19.347, págs. 4648-4650)",https://boletinoficialsalta.gob.ar/pdfs/2014/19346.pdf,18/09/2026
185/14,34-167.127/13,"4366, Finca La Caldera o Getsemaní",El Manzano,der,LRD-33,3560883.64,7278056.46,"Gauss-Krüger faja 3 (el edicto no declara el marco; se asume POSGAR 94, EPSG:22183)",100042563,"21/07/2014; 22/07/2014 (B.O. 19.346 y 19.347, págs. 4648-4650)",https://boletinoficialsalta.gob.ar/pdfs/2014/19346.pdf,18/09/2026
185/14,34-167.127/13,"4366, Finca La Caldera o Getsemaní",El Manzano,der,LRD-34,3560932.06,7278032.3,"Gauss-Krüger faja 3 (el edicto no declara el marco; se asume POSGAR 94, EPSG:22183)",100042563,"21/07/2014; 22/07/2014 (B.O. 19.346 y 19.347, págs. 4648-4650)",https://boletinoficialsalta.gob.ar/pdfs/2014/19346.pdf,18/09/2026
185/14,34-167.127/13,"4366, Finca La Caldera o Getsemaní",El Manzano,der,LRD-35,3560975.7,7278006.39,"Gauss-Krüger faja 3 (el edicto no declara el marco; se asume POSGAR 94, EPSG:22183)",100042563,"21/07/2014; 22/07/2014 (B.O. 19.346 y 19.347, págs. 4648-4650)",https://boletinoficialsalta.gob.ar/pdfs/2014/19346.pdf,18/09/2026
185/14,34-167.127/13,"4366, Finca La Caldera o Getsemaní",El Manzano,der,LRD-36,3561077.01,7277994.72,"Gauss-Krüger faja 3 (el edicto no declara el marco; se asume POSGAR 94, EPSG:22183)",100042563,"21/07/2014; 22/07/2014 (B.O. 19.346 y 19.347, págs. 4648-4650)",https://boletinoficialsalta.gob.ar/pdfs/2014/19346.pdf,18/09/2026
185/14,34-167.127/13,"4366, Finca La Caldera o Getsemaní",El Manzano,der,LRD-37,3561122.74,7277973.39,"Gauss-Krüger faja 3 (el edicto no declara el marco; se asume POSGAR 94, EPSG:22183)",100042563,"21/07/2014; 22/07/2014 (B.O. 19.346 y 19.347, págs. 4648-4650)",https://boletinoficialsalta.gob.ar/pdfs/2014/19346.pdf,18/09/2026
185/14,34-167.127/13,"4366, Finca La Caldera o Getsemaní",El Manzano,der,LRD-38,3561171.62,7277953.15,"Gauss-Krüger faja 3 (el edicto no declara el marco; se asume POSGAR 94, EPSG:22183)",100042563,"21/07/2014; 22/07/2014 (B.O. 19.346 y 19.347, págs. 4648-4650)",https://boletinoficialsalta.gob.ar/pdfs/2014/19346.pdf,18/09/2026
185/14,34-167.127/13,"4366, Finca La Caldera o Getsemaní",El Manzano,der,LRD-39,3561212.13,7277923.83,"Gauss-Krüger faja 3 (el edicto no declara el marco; se asume POSGAR 94, EPSG:22183)",100042563,"21/07/2014; 22/07/2014 (B.O. 19.346 y 19.347, págs. 4648-4650)",https://boletinoficialsalta.gob.ar/pdfs/2014/19346.pdf,18/09/2026
185/14,34-167.127/13,"4366, Finca La Caldera o Getsemaní",El Manzano,der,LRD-40,3561250.88,7277892.1,"Gauss-Krüger faja 3 (el edicto no declara el marco; se asume POSGAR 94, EPSG:22183)",100042563,"21/07/2014; 22/07/2014 (B.O. 19.346 y 19.347, págs. 4648-4650)",https://boletinoficialsalta.gob.ar/pdfs/2014/19346.pdf,18/09/2026
185/14,34-167.127/13,"4366, Finca La Caldera o Getsemaní",El Manzano,der,LRD-41,3561290.22,7277861.12,"Gauss-Krüger faja 3 (el edicto no declara el marco; se asume POSGAR 94, EPSG:22183)",100042563,"21/07/2014; 22/07/2014 (B.O. 19.346 y 19.347, págs. 4648-4650)",https://boletinoficialsalta.gob.ar/pdfs/2014/19346.pdf,18/09/2026
185/14,34-167.127/13,"4366, Finca La Caldera o Getsemaní",El Manzano,der,LRD-42,3561331.01,7277830.98,"Gauss-Krüger faja 3 (el edicto no declara el marco; se asume POSGAR 94, EPSG:22183)",100042563,"21/07/2014; 22/07/2014 (B.O. 19.346 y 19.347, págs. 4648-4650)",https://boletinoficialsalta.gob.ar/pdfs/2014/19346.pdf,18/09/2026
185/14,34-167.127/13,"4366, Finca La Caldera o Getsemaní",El Manzano,der,LRD-43,3561368.59,7277797.9,"Gauss-Krüger faja 3 (el edicto no declara el marco; se asume POSGAR 94, EPSG:22183)",100042563,"21/07/2014; 22/07/2014 (B.O. 19.346 y 19.347, págs. 4648-4650)",https://boletinoficialsalta.gob.ar/pdfs/2014/19346.pdf,18/09/2026
185/14,34-167.127/13,"4366, Finca La Caldera o Getsemaní",El Manzano,der,LRD-44,3561401.45,7277759.98,"Gauss-Krüger faja 3 (el edicto no declara el marco; se asume POSGAR 94, EPSG:22183)",100042563,"21/07/2014; 22/07/2014 (B.O. 19.346 y 19.347, págs. 4648-4650)",https://boletinoficialsalta.gob.ar/pdfs/2014/19346.pdf,18/09/2026
185/14,34-167.127/13,"4366, Finca La Caldera o Getsemaní",El Manzano,der,LRD-45,3561445.05,7277755.42,"Gauss-Krüger faja 3 (el edicto no declara el marco; se asume POSGAR 94, EPSG:22183)",100042563,"21/07/2014; 22/07/2014 (B.O. 19.346 y 19.347, págs. 4648-4650)",https://boletinoficialsalta.gob.ar/pdfs/2014/19346.pdf,18/09/2026
185/14,34-167.127/13,"4366, Finca La Caldera o Getsemaní",El Manzano,der,LRD-46,3561495.24,7277757.06,"Gauss-Krüger faja 3 (el edicto no declara el marco; se asume POSGAR 94, EPSG:22183)",100042563,"21/07/2014; 22/07/2014 (B.O. 19.346 y 19.347, págs. 4648-4650)",https://boletinoficialsalta.gob.ar/pdfs/2014/19346.pdf,18/09/2026
185/14,34-167.127/13,"4366, Finca La Caldera o Getsemaní",El Manzano,der,LRD-47,3561549.17,7277748.94,"Gauss-Krüger faja 3 (el edicto no declara el marco; se asume POSGAR 94, EPSG:22183)",100042563,"21/07/2014; 22/07/2014 (B.O. 19.346 y 19.347, págs. 4648-4650)",https://boletinoficialsalta.gob.ar/pdfs/2014/19346.pdf,18/09/2026
185/14,34-167.127/13,"4366, Finca La Caldera o Getsemaní",El Manzano,der,LRD-48,3561638.76,7277704.53,"Gauss-Krüger faja 3 (el edicto no declara el marco; se asume POSGAR 94, EPSG:22183)",100042563,"21/07/2014; 22/07/2014 (B.O. 19.346 y 19.347, págs. 4648-4650)",https://boletinoficialsalta.gob.ar/pdfs/2014/19346.pdf,18/09/2026
185/14,34-167.127/13,"4366, Finca La Caldera o Getsemaní",El Manzano,der,LRD-49,3561689.04,7277687.87,"Gauss-Krüger faja 3 (el edicto no declara el marco; se asume POSGAR 94, EPSG:22183)",100042563,"21/07/2014; 22/07/2014 (B.O. 19.346 y 19.347, págs. 4648-4650)",https://boletinoficialsalta.gob.ar/pdfs/2014/19346.pdf,18/09/2026
185/14,34-167.127/13,"4366, Finca La Caldera o Getsemaní",El Manzano,izq,LRI-01,3558838.83,7278533.66,"Gauss-Krüger faja 3 (el edicto no declara el marco; se asume POSGAR 94, EPSG:22183)",100042563,"21/07/2014; 22/07/2014 (B.O. 19.346 y 19.347, págs. 4648-4650)",https://boletinoficialsalta.gob.ar/pdfs/2014/19346.pdf,18/09/2026
185/14,34-167.127/13,"4366, Finca La Caldera o Getsemaní",El Manzano,izq,LRI-02,3558887.5,7278545.39,"Gauss-Krüger faja 3 (el edicto no declara el marco; se asume POSGAR 94, EPSG:22183)",100042563,"21/07/2014; 22/07/2014 (B.O. 19.346 y 19.347, págs. 4648-4650)",https://boletinoficialsalta.gob.ar/pdfs/2014/19346.pdf,18/09/2026
185/14,34-167.127/13,"4366, Finca La Caldera o Getsemaní",El Manzano,izq,LRI-03,3558983.93,7278571.67,"Gauss-Krüger faja 3 (el edicto no declara el marco; se asume POSGAR 94, EPSG:22183)",100042563,"21/07/2014; 22/07/2014 (B.O. 19.346 y 19.347, págs. 4648-4650)",https://boletinoficialsalta.gob.ar/pdfs/2014/19346.pdf,18/09/2026
185/14,34-167.127/13,"4366, Finca La Caldera o Getsemaní",El Manzano,izq,LRI-04,3559076.5,7278564.89,"Gauss-Krüger faja 3 (el edicto no declara el marco; se asume POSGAR 94, EPSG:22183)",100042563,"21/07/2014; 22/07/2014 (B.O. 19.346 y 19.347, págs. 4648-4650)",https://boletinoficialsalta.gob.ar/pdfs/2014/19346.pdf,18/09/2026
185/14,34-167.127/13,"4366, Finca La Caldera o Getsemaní",El Manzano,izq,LRI-05,3559174.85,7278545.58,"Gauss-Krüger faja 3 (el edicto no declara el marco; se asume POSGAR 94, EPSG:22183)",100042563,"21/07/2014; 22/07/2014 (B.O. 19.346 y 19.347, págs. 4648-4650)",https://boletinoficialsalta.gob.ar/pdfs/2014/19346.pdf,18/09/2026
185/14,34-167.127/13,"4366, Finca La Caldera o Getsemaní",El Manzano,izq,LRI-06,3559263.75,7278515.28,"Gauss-Krüger faja 3 (el edicto no declara el marco; se asume POSGAR 94, EPSG:22183)",100042563,"21/07/2014; 22/07/2014 (B.O. 19.346 y 19.347, págs. 4648-4650)",https://boletinoficialsalta.gob.ar/pdfs/2014/19346.pdf,18/09/2026
185/14,34-167.127/13,"4366, Finca La Caldera o Getsemaní",El Manzano,izq,LRI-07,3559309.32,7278494.51,"Gauss-Krüger faja 3 (el edicto no declara el marco; se asume POSGAR 94, EPSG:22183)",100042563,"21/07/2014; 22/07/2014 (B.O. 19.346 y 19.347, págs. 4648-4650)",https://boletinoficialsalta.gob.ar/pdfs/2014/19346.pdf,18/09/2026
185/14,34-167.127/13,"4366, Finca La Caldera o Getsemaní",El Manzano,izq,LRI-08,3559401.58,7278465.12,"Gauss-Krüger faja 3 (el edicto no declara el marco; se asume POSGAR 94, EPSG:22183)",100042563,"21/07/2014; 22/07/2014 (B.O. 19.346 y 19.347, págs. 4648-4650)",https://boletinoficialsalta.gob.ar/pdfs/2014/19346.pdf,18/09/2026
185/14,34-167.127/13,"4366, Finca La Caldera o Getsemaní",El Manzano,izq,LRI-09,3559457.46,7278453.99,"Gauss-Krüger faja 3 (el edicto no declara el marco; se asume POSGAR 94, EPSG:22183)",100042563,"21/07/2014; 22/07/2014 (B.O. 19.346 y 19.347, págs. 4648-4650)",https://boletinoficialsalta.gob.ar/pdfs/2014/19346.pdf,18/09/2026
185/14,34-167.127/13,"4366, Finca La Caldera o Getsemaní",El Manzano,izq,LRI-10,3559506.82,7278462.38,"Gauss-Krüger faja 3 (el edicto no declara el marco; se asume POSGAR 94, EPSG:22183)",100042563,"21/07/2014; 22/07/2014 (B.O. 19.346 y 19.347, págs. 4648-4650)",https://boletinoficialsalta.gob.ar/pdfs/2014/19346.pdf,18/09/2026
185/14,34-167.127/13,"4366, Finca La Caldera o Getsemaní",El Manzano,izq,LRI-11,3559555.57,7278473.49,"Gauss-Krüger faja 3 (el edicto no declara el marco; se asume POSGAR 94, EPSG:22183)",100042563,"21/07/2014; 22/07/2014 (B.O. 19.346 y 19.347, págs. 4648-4650)",https://boletinoficialsalta.gob.ar/pdfs/2014/19346.pdf,18/09/2026
185/14,34-167.127/13,"4366, Finca La Caldera o Getsemaní",El Manzano,izq,LRI-12,3559653.73,7278492.76,"Gauss-Krüger faja 3 (el edicto no declara el marco; se asume POSGAR 94, EPSG:22183)",100042563,"21/07/2014; 22/07/2014 (B.O. 19.346 y 19.347, págs. 4648-4650)",https://boletinoficialsalta.gob.ar/pdfs/2014/19346.pdf,18/09/2026
185/14,34-167.127/13,"4366, Finca La Caldera o Getsemaní",El Manzano,izq,LRI-13,3559747.18,7278512.74,"Gauss-Krüger faja 3 (el edicto no declara el marco; se asume POSGAR 94, EPSG:22183)",100042563,"21/07/2014; 22/07/2014 (B.O. 19.346 y 19.347, págs. 4648-4650)",https://boletinoficialsalta.gob.ar/pdfs/2014/19346.pdf,18/09/2026
185/14,34-167.127/13,"4366, Finca La Caldera o Getsemaní",El Manzano,izq,LRI-14,3559796.29,7278503.86,"Gauss-Krüger faja 3 (el edicto no declara el marco; se asume POSGAR 94, EPSG:22183)",100042563,"21/07/2014; 22/07/2014 (B.O. 19.346 y 19.347, págs. 4648-4650)",https://boletinoficialsalta.gob.ar/pdfs/2014/19346.pdf,18/09/2026
185/14,34-167.127/13,"4366, Finca La Caldera o Getsemaní",El Manzano,izq,LRI-15,3559891.28,7278483.62,"Gauss-Krüger faja 3 (el edicto no declara el marco; se asume POSGAR 94, EPSG:22183)",100042563,"21/07/2014; 22/07/2014 (B.O. 19.346 y 19.347, págs. 4648-4650)",https://boletinoficialsalta.gob.ar/pdfs/2014/19346.pdf,18/09/2026
185/14,34-167.127/13,"4366, Finca La Caldera o Getsemaní",El Manzano,izq,LRI-16,3559937.55,7278463.84,"Gauss-Krüger faja 3 (el edicto no declara el marco; se asume POSGAR 94, EPSG:22183)",100042563,"21/07/2014; 22/07/2014 (B.O. 19.346 y 19.347, págs. 4648-4650)",https://boletinoficialsalta.gob.ar/pdfs/2014/19346.pdf,18/09/2026
185/14,34-167.127/13,"4366, Finca La Caldera o Getsemaní",El Manzano,izq,LRI-17,3559984.07,7278444.9,"Gauss-Krüger faja 3 (el edicto no declara el marco; se asume POSGAR 94, EPSG:22183)",100042563,"21/07/2014; 22/07/2014 (B.O. 19.346 y 19.347, págs. 4648-4650)",https://boletinoficialsalta.gob.ar/pdfs/2014/19346.pdf,18/09/2026
185/14,34-167.127/13,"4366, Finca La Caldera o Getsemaní",El Manzano,izq,LRI-18,3560032.38,7278431.92,"Gauss-Krüger faja 3 (el edicto no declara el marco; se asume POSGAR 94, EPSG:22183)",100042563,"21/07/2014; 22/07/2014 (B.O. 19.346 y 19.347, págs. 4648-4650)",https://boletinoficialsalta.gob.ar/pdfs/2014/19346.pdf,18/09/2026
185/14,34-167.127/13,"4366, Finca La Caldera o Getsemaní",El Manzano,izq,LRI-19,3560129.46,7278407.52,"Gauss-Krüger faja 3 (el edicto no declara el marco; se asume POSGAR 94, EPSG:22183)",100042563,"21/07/2014; 22/07/2014 (B.O. 19.346 y 19.347, págs. 4648-4650)",https://boletinoficialsalta.gob.ar/pdfs/2014/19346.pdf,18/09/2026
185/14,34-167.127/13,"4366, Finca La Caldera o Getsemaní",El Manzano,izq,LRI-20,3560229.03,7278301.75,"Gauss-Krüger faja 3 (el edicto no declara el marco; se asume POSGAR 94, EPSG:22183)",100042563,"21/07/2014; 22/07/2014 (B.O. 19.346 y 19.347, págs. 4648-4650)",https://boletinoficialsalta.gob.ar/pdfs/2014/19346.pdf,18/09/2026
185/14,34-167.127/13,"4366, Finca La Caldera o Getsemaní",El Manzano,izq,LRI-21,3560279.03,7278284.76,"Gauss-Krüger faja 3 (el edicto no declara el marco; se asume POSGAR 94, EPSG:22183)",100042563,"21/07/2014; 22/07/2014 (B.O. 19.346 y 19.347, págs. 4648-4650)",https://boletinoficialsalta.gob.ar/pdfs/2014/19346.pdf,18/09/2026
185/14,34-167.127/13,"4366, Finca La Caldera o Getsemaní",El Manzano,izq,LRI-22,3560340.96,7278284.92,"Gauss-Krüger faja 3 (el edicto no declara el marco; se asume POSGAR 94, EPSG:22183)",100042563,"21/07/2014; 22/07/2014 (B.O. 19.346 y 19.347, págs. 4648-4650)",https://boletinoficialsalta.gob.ar/pdfs/2014/19346.pdf,18/09/2026
185/14,34-167.127/13,"4366, Finca La Caldera o Getsemaní",El Manzano,izq,LRI-23,3560390.7,7278281.98,"Gauss-Krüger faja 3 (el edicto no declara el marco; se asume POSGAR 94, EPSG:22183)",100042563,"21/07/2014; 22/07/2014 (B.O. 19.346 y 19.347, págs. 4648-4650)",https://boletinoficialsalta.gob.ar/pdfs/2014/19346.pdf,18/09/2026
185/14,34-167.127/13,"4366, Finca La Caldera o Getsemaní",El Manzano,izq,LRI-24,3560440.72,7278280.02,"Gauss-Krüger faja 3 (el edicto no declara el marco; se asume POSGAR 94, EPSG:22183)",100042563,"21/07/2014; 22/07/2014 (B.O. 19.346 y 19.347, págs. 4648-4650)",https://boletinoficialsalta.gob.ar/pdfs/2014/19346.pdf,18/09/2026
185/14,34-167.127/13,"4366, Finca La Caldera o Getsemaní",El Manzano,izq,LRI-25,3560535.35,7278266.81,"Gauss-Krüger faja 3 (el edicto no declara el marco; se asume POSGAR 94, EPSG:22183)",100042563,"21/07/2014; 22/07/2014 (B.O. 19.346 y 19.347, págs. 4648-4650)",https://boletinoficialsalta.gob.ar/pdfs/2014/19346.pdf,18/09/2026
185/14,34-167.127/13,"4366, Finca La Caldera o Getsemaní",El Manzano,izq,LRI-26,3560619.13,7278202.25,"Gauss-Krüger faja 3 (el edicto no declara el marco; se asume POSGAR 94, EPSG:22183)",100042563,"21/07/2014; 22/07/2014 (B.O. 19.346 y 19.347, págs. 4648-4650)",https://boletinoficialsalta.gob.ar/pdfs/2014/19346.pdf,18/09/2026
185/14,34-167.127/13,"4366, Finca La Caldera o Getsemaní",El Manzano,izq,LRI-27,3560706.82,7278109.16,"Gauss-Krüger faja 3 (el edicto no declara el marco; se asume POSGAR 94, EPSG:22183)",100042563,"21/07/2014; 22/07/2014 (B.O. 19.346 y 19.347, págs. 4648-4650)",https://boletinoficialsalta.gob.ar/pdfs/2014/19346.pdf,18/09/2026
185/14,34-167.127/13,"4366, Finca La Caldera o Getsemaní",El Manzano,izq,LRI-28,3560728.56,7278063.3,"Gauss-Krüger faja 3 (el edicto no declara el marco; se asume POSGAR 94, EPSG:22183)",100042563,"21/07/2014; 22/07/2014 (B.O. 19.346 y 19.347, págs. 4648-4650)",https://boletinoficialsalta.gob.ar/pdfs/2014/19346.pdf,18/09/2026
185/14,34-167.127/13,"4366, Finca La Caldera o Getsemaní",El Manzano,izq,LRI-29,3560782.28,7278033.62,"Gauss-Krüger faja 3 (el edicto no declara el marco; se asume POSGAR 94, EPSG:22183)",100042563,"21/07/2014; 22/07/2014 (B.O. 19.346 y 19.347, págs. 4648-4650)",https://boletinoficialsalta.gob.ar/pdfs/2014/19346.pdf,18/09/2026
185/14,34-167.127/13,"4366, Finca La Caldera o Getsemaní",El Manzano,izq,LRI-30,3560882.06,7278026.86,"Gauss-Krüger faja 3 (el edicto no declara el marco; se asume POSGAR 94, EPSG:22183)",100042563,"21/07/2014; 22/07/2014 (B.O. 19.346 y 19.347, págs. 4648-4650)",https://boletinoficialsalta.gob.ar/pdfs/2014/19346.pdf,18/09/2026
185/14,34-167.127/13,"4366, Finca La Caldera o Getsemaní",El Manzano,izq,LRI-31,3560963.5,7277974.38,"Gauss-Krüger faja 3 (el edicto no declara el marco; se asume POSGAR 94, EPSG:22183)",100042563,"21/07/2014; 22/07/2014 (B.O. 19.346 y 19.347, págs. 4648-4650)",https://boletinoficialsalta.gob.ar/pdfs/2014/19346.pdf,18/09/2026
185/14,34-167.127/13,"4366, Finca La Caldera o Getsemaní",El Manzano,izq,LRI-32,3561069.24,7277969.78,"Gauss-Krüger faja 3 (el edicto no declara el marco; se asume POSGAR 94, EPSG:22183)",100042563,"21/07/2014; 22/07/2014 (B.O. 19.346 y 19.347, págs. 4648-4650)",https://boletinoficialsalta.gob.ar/pdfs/2014/19346.pdf,18/09/2026
185/14,34-167.127/13,"4366, Finca La Caldera o Getsemaní",El Manzano,izq,LRI-33,3561155.98,7277931.09,"Gauss-Krüger faja 3 (el edicto no declara el marco; se asume POSGAR 94, EPSG:22183)",100042563,"21/07/2014; 22/07/2014 (B.O. 19.346 y 19.347, págs. 4648-4650)",https://boletinoficialsalta.gob.ar/pdfs/2014/19346.pdf,18/09/2026
185/14,34-167.127/13,"4366, Finca La Caldera o Getsemaní",El Manzano,izq,LRI-34,3561234.91,7277869.34,"Gauss-Krüger faja 3 (el edicto no declara el marco; se asume POSGAR 94, EPSG:22183)",100042563,"21/07/2014; 22/07/2014 (B.O. 19.346 y 19.347, págs. 4648-4650)",https://boletinoficialsalta.gob.ar/pdfs/2014/19346.pdf,18/09/2026
185/14,34-167.127/13,"4366, Finca La Caldera o Getsemaní",El Manzano,izq,LRI-35,3561320.09,7277819.77,"Gauss-Krüger faja 3 (el edicto no declara el marco; se asume POSGAR 94, EPSG:22183)",100042563,"21/07/2014; 22/07/2014 (B.O. 19.346 y 19.347, págs. 4648-4650)",https://boletinoficialsalta.gob.ar/pdfs/2014/19346.pdf,18/09/2026
185/14,34-167.127/13,"4366, Finca La Caldera o Getsemaní",El Manzano,izq,LRI-36,3561344.08,7277772.76,"Gauss-Krüger faja 3 (el edicto no declara el marco; se asume POSGAR 94, EPSG:22183)",100042563,"21/07/2014; 22/07/2014 (B.O. 19.346 y 19.347, págs. 4648-4650)",https://boletinoficialsalta.gob.ar/pdfs/2014/19346.pdf,18/09/2026
185/14,34-167.127/13,"4366, Finca La Caldera o Getsemaní",El Manzano,izq,LRI-37,3561383.64,7277741.71,"Gauss-Krüger faja 3 (el edicto no declara el marco; se asume POSGAR 94, EPSG:22183)",100042563,"21/07/2014; 22/07/2014 (B.O. 19.346 y 19.347, págs. 4648-4650)",https://boletinoficialsalta.gob.ar/pdfs/2014/19346.pdf,18/09/2026
185/14,34-167.127/13,"4366, Finca La Caldera o Getsemaní",El Manzano,izq,LRI-38,3561443.9,7277736.06,"Gauss-Krüger faja 3 (el edicto no declara el marco; se asume POSGAR 94, EPSG:22183)",100042563,"21/07/2014; 22/07/2014 (B.O. 19.346 y 19.347, págs. 4648-4650)",https://boletinoficialsalta.gob.ar/pdfs/2014/19346.pdf,18/09/2026
185/14,34-167.127/13,"4366, Finca La Caldera o Getsemaní",El Manzano,izq,LRI-39,3561493.74,7277731.89,"Gauss-Krüger faja 3 (el edicto no declara el marco; se asume POSGAR 94, EPSG:22183)",100042563,"21/07/2014; 22/07/2014 (B.O. 19.346 y 19.347, págs. 4648-4650)",https://boletinoficialsalta.gob.ar/pdfs/2014/19346.pdf,18/09/2026
185/14,34-167.127/13,"4366, Finca La Caldera o Getsemaní",El Manzano,izq,LRI-40,3561539.03,7277728.63,"Gauss-Krüger faja 3 (el edicto no declara el marco; se asume POSGAR 94, EPSG:22183)",100042563,"21/07/2014; 22/07/2014 (B.O. 19.346 y 19.347, págs. 4648-4650)",https://boletinoficialsalta.gob.ar/pdfs/2014/19346.pdf,18/09/2026
185/14,34-167.127/13,"4366, Finca La Caldera o Getsemaní",El Manzano,izq,LRI-41,3561581.96,7277702.68,"Gauss-Krüger faja 3 (el edicto no declara el marco; se asume POSGAR 94, EPSG:22183)",100042563,"21/07/2014; 22/07/2014 (B.O. 19.346 y 19.347, págs. 4648-4650)",https://boletinoficialsalta.gob.ar/pdfs/2014/19346.pdf,18/09/2026
185/14,34-167.127/13,"4366, Finca La Caldera o Getsemaní",El Manzano,izq,LRI-42,3561627.92,7277682.8,"Gauss-Krüger faja 3 (el edicto no declara el marco; se asume POSGAR 94, EPSG:22183)",100042563,"21/07/2014; 22/07/2014 (B.O. 19.346 y 19.347, págs. 4648-4650)",https://boletinoficialsalta.gob.ar/pdfs/2014/19346.pdf,18/09/2026
185/14,34-167.127/13,"4366, Finca La Caldera o Getsemaní",El Manzano,izq,LRI-43,3561657.93,7277639.97,"Gauss-Krüger faja 3 (el edicto no declara el marco; se asume POSGAR 94, EPSG:22183)",100042563,"21/07/2014; 22/07/2014 (B.O. 19.346 y 19.347, págs. 4648-4650)",https://boletinoficialsalta.gob.ar/pdfs/2014/19346.pdf,18/09/2026
348/13,34-90.495/13,"1590, La Calderilla",La Caldera,izq,LRi01,3562452.02,7278038.72,Posgar (declarado),400004557,"19.213, 23/12/2013, pág. 8876-8877",https://boletinoficialsalta.gob.ar/pdfs/2013/19213.pdf,19/09/2026
348/13,34-90.495/13,"1590, La Calderilla",La Caldera,izq,LRi02,3562404.61,7277964.0,Posgar (declarado),400004557,"19.213, 23/12/2013, pág. 8876-8877",https://boletinoficialsalta.gob.ar/pdfs/2013/19213.pdf,19/09/2026
348/13,34-90.495/13,"1590, La Calderilla",La Caldera,izq,LRi03,3562362.39,7277907.55,Posgar (declarado),400004557,"19.213, 23/12/2013, pág. 8876-8877",https://boletinoficialsalta.gob.ar/pdfs/2013/19213.pdf,19/09/2026
348/13,34-90.495/13,"1590, La Calderilla",La Caldera,izq,LRi04,3562323.68,7277890.38,Posgar (declarado),400004557,"19.213, 23/12/2013, pág. 8876-8877",https://boletinoficialsalta.gob.ar/pdfs/2013/19213.pdf,19/09/2026
348/13,34-90.495/13,"1590, La Calderilla",La Caldera,der,LRd05,3561743.32,7278140.02,Posgar (declarado),400004557,"19.213, 23/12/2013, pág. 8876-8877",https://boletinoficialsalta.gob.ar/pdfs/2013/19213.pdf,19/09/2026
348/13,34-90.495/13,"1590, La Calderilla",La Caldera,der,LRd06,3561827.23,7278273.32,Posgar (declarado),400004557,"19.213, 23/12/2013, pág. 8876-8877",https://boletinoficialsalta.gob.ar/pdfs/2013/19213.pdf,19/09/2026
348/13,34-90.495/13,"1590, La Calderilla",La Caldera,der,LRd07,3561843.22,7278298.71,Posgar (declarado),400004557,"19.213, 23/12/2013, pág. 8876-8877",https://boletinoficialsalta.gob.ar/pdfs/2013/19213.pdf,19/09/2026
348/13,34-90.495/13,"1590, La Calderilla",La Caldera,der,LRd08,3561886.48,7278343.35,Posgar (declarado),400004557,"19.213, 23/12/2013, pág. 8876-8877",https://boletinoficialsalta.gob.ar/pdfs/2013/19213.pdf,19/09/2026
348/13,34-90.495/13,"1590, La Calderilla",La Caldera,inund,Lli01,3562567.79,7277987.6,Posgar (declarado),400004557,"19.213, 23/12/2013, pág. 8876-8877",https://boletinoficialsalta.gob.ar/pdfs/2013/19213.pdf,19/09/2026
348/13,34-90.495/13,"1590, La Calderilla",La Caldera,inund,Lli02,3562566.24,7277947.38,Posgar (declarado),400004557,"19.213, 23/12/2013, pág. 8876-8877",https://boletinoficialsalta.gob.ar/pdfs/2013/19213.pdf,19/09/2026
348/13,34-90.495/13,"1590, La Calderilla",La Caldera,inund,Lli03,3562587.28,7277858.8,Posgar (declarado),400004557,"19.213, 23/12/2013, pág. 8876-8877",https://boletinoficialsalta.gob.ar/pdfs/2013/19213.pdf,19/09/2026
201/13,34-214.573/12,"s/n, sección B, Vaqueros",Vaqueros,izq,LRi01,3559873.77,7267912.67,Posgar (declarado),100035385,"19.109, 23/07/2013, pág. 4741",https://boletinoficialsalta.gob.ar/pdfs/2013/19109.pdf,19/09/2026
201/13,34-214.573/12,"s/n, sección B, Vaqueros",Vaqueros,izq,LRi02,3559945.75,7267906.33,Posgar (declarado),100035385,"19.109, 23/07/2013, pág. 4741",https://boletinoficialsalta.gob.ar/pdfs/2013/19109.pdf,19/09/2026
201/13,34-214.573/12,"s/n, sección B, Vaqueros",Vaqueros,izq,LRi03,3559949.81,7267911.43,Posgar (declarado),100035385,"19.109, 23/07/2013, pág. 4741",https://boletinoficialsalta.gob.ar/pdfs/2013/19109.pdf,19/09/2026
201/13,34-214.573/12,"s/n, sección B, Vaqueros",Vaqueros,izq,LRi04,3560002.62,7267907.13,Posgar (declarado),100035385,"19.109, 23/07/2013, pág. 4741",https://boletinoficialsalta.gob.ar/pdfs/2013/19109.pdf,19/09/2026
201/13,34-214.573/12,"s/n, sección B, Vaqueros",Vaqueros,izq,LRi05,3560017.65,7267905.15,Posgar (declarado),100035385,"19.109, 23/07/2013, pág. 4741",https://boletinoficialsalta.gob.ar/pdfs/2013/19109.pdf,19/09/2026
201/13,34-214.573/12,"s/n, sección B, Vaqueros",Vaqueros,izq,LRi06,3560034.22,7267907.06,Posgar (declarado),100035385,"19.109, 23/07/2013, pág. 4741",https://boletinoficialsalta.gob.ar/pdfs/2013/19109.pdf,19/09/2026
201/13,34-214.573/12,"s/n, sección B, Vaqueros",Vaqueros,izq,LRi07,3560047.25,7267905.88,Posgar (declarado),100035385,"19.109, 23/07/2013, pág. 4741",https://boletinoficialsalta.gob.ar/pdfs/2013/19109.pdf,19/09/2026
201/13,34-214.573/12,"s/n, sección B, Vaqueros",Vaqueros,izq,LRi08,3560080.03,7267903.28,Posgar (declarado),100035385,"19.109, 23/07/2013, pág. 4741",https://boletinoficialsalta.gob.ar/pdfs/2013/19109.pdf,19/09/2026
201/13,34-214.573/12,"s/n, sección B, Vaqueros",Vaqueros,izq,LRi09,3560104.46,7267899.49,Posgar (declarado),100035385,"19.109, 23/07/2013, pág. 4741",https://boletinoficialsalta.gob.ar/pdfs/2013/19109.pdf,19/09/2026
201/13,34-214.573/12,"s/n, sección B, Vaqueros",Vaqueros,izq,LRi10,3560118.37,7267901.95,Posgar (declarado),100035385,"19.109, 23/07/2013, pág. 4741",https://boletinoficialsalta.gob.ar/pdfs/2013/19109.pdf,19/09/2026
201/13,34-214.573/12,"s/n, sección B, Vaqueros",Vaqueros,izq,LRi11,3560139.02,7267901.27,Posgar (declarado),100035385,"19.109, 23/07/2013, pág. 4741",https://boletinoficialsalta.gob.ar/pdfs/2013/19109.pdf,19/09/2026
201/13,34-214.573/12,"s/n, sección B, Vaqueros",Vaqueros,izq,LRi12,3560173.78,7267897.32,Posgar (declarado),100035385,"19.109, 23/07/2013, pág. 4741",https://boletinoficialsalta.gob.ar/pdfs/2013/19109.pdf,19/09/2026
201/13,34-214.573/12,"s/n, sección B, Vaqueros",Vaqueros,izq,LRi13,3560202.23,7267905.3,Posgar (declarado),100035385,"19.109, 23/07/2013, pág. 4741",https://boletinoficialsalta.gob.ar/pdfs/2013/19109.pdf,19/09/2026
201/13,34-214.573/12,"s/n, sección B, Vaqueros",Vaqueros,der,LRd14,3559858.09,7267810.14,Posgar (declarado),100035385,"19.109, 23/07/2013, pág. 4741",https://boletinoficialsalta.gob.ar/pdfs/2013/19109.pdf,19/09/2026
201/13,34-214.573/12,"s/n, sección B, Vaqueros",Vaqueros,der,LRd15,3559924.72,7267786.17,Posgar (declarado),100035385,"19.109, 23/07/2013, pág. 4741",https://boletinoficialsalta.gob.ar/pdfs/2013/19109.pdf,19/09/2026
201/13,34-214.573/12,"s/n, sección B, Vaqueros",Vaqueros,der,LRd16,3560006.23,7267785.19,Posgar (declarado),100035385,"19.109, 23/07/2013, pág. 4741",https://boletinoficialsalta.gob.ar/pdfs/2013/19109.pdf,19/09/2026
201/13,34-214.573/12,"s/n, sección B, Vaqueros",Vaqueros,der,LRd17,3560096.06,7267788.95,Posgar (declarado),100035385,"19.109, 23/07/2013, pág. 4741",https://boletinoficialsalta.gob.ar/pdfs/2013/19109.pdf,19/09/2026
201/13,34-214.573/12,"s/n, sección B, Vaqueros",Vaqueros,der,LRd18,3560218.94,7267794.18,Posgar (declarado),100035385,"19.109, 23/07/2013, pág. 4741",https://boletinoficialsalta.gob.ar/pdfs/2013/19109.pdf,19/09/2026
94/12,0050034-71.745/2011-0,4027,Castellanos,izq,V9,3553057.65,7269001.32,sin declarar (encabezados «Longitud/Latitud» con valores Gauss-Krüger),100035965,"19.130, 22/08/2013, pág. 5492",https://boletinoficialsalta.gob.ar/pdfs/2013/19130.pdf,19/09/2026
94/12,0050034-71.745/2011-0,4027,Castellanos,izq,V10,3553062.57,7269000.49,sin declarar (encabezados «Longitud/Latitud» con valores Gauss-Krüger),100035965,"19.130, 22/08/2013, pág. 5492",https://boletinoficialsalta.gob.ar/pdfs/2013/19130.pdf,19/09/2026
94/12,0050034-71.745/2011-0,4027,Castellanos,der,V13,3553001.11,7268890.57,sin declarar (encabezados «Longitud/Latitud» con valores Gauss-Krüger),100035965,"19.130, 22/08/2013, pág. 5492",https://boletinoficialsalta.gob.ar/pdfs/2013/19130.pdf,19/09/2026
94/12,0050034-71.745/2011-0,4027,Castellanos,der,V14,3553184.9,7268843.41,sin declarar (encabezados «Longitud/Latitud» con valores Gauss-Krüger),100035965,"19.130, 22/08/2013, pág. 5492",https://boletinoficialsalta.gob.ar/pdfs/2013/19130.pdf,19/09/2026
80/14,34-240.329/12,"3989, fracción 78, Finca Vaqueros",Quintín o Pacará,izq,LRi16,3558051.43,7271477.5,Gauss-Krüger (declarado),100040761,"19.286, 21/04/2014, pág. 2412",https://boletinoficialsalta.gob.ar/pdfs/2014/19286.pdf,19/09/2026
80/14,34-240.329/12,"3989, fracción 78, Finca Vaqueros",Quintín o Pacará,izq,LRi17,3558084.54,7271481.9,Gauss-Krüger (declarado),100040761,"19.286, 21/04/2014, pág. 2412",https://boletinoficialsalta.gob.ar/pdfs/2014/19286.pdf,19/09/2026
80/14,34-240.329/12,"3989, fracción 78, Finca Vaqueros",Quintín o Pacará,izq,LRi18,3558106.49,7271478.6,Gauss-Krüger (declarado),100040761,"19.286, 21/04/2014, pág. 2412",https://boletinoficialsalta.gob.ar/pdfs/2014/19286.pdf,19/09/2026
80/14,34-240.329/12,"3989, fracción 78, Finca Vaqueros",Quintín o Pacará,izq,LRi19,3558360.59,7271392.35,Gauss-Krüger (declarado),100040761,"19.286, 21/04/2014, pág. 2412",https://boletinoficialsalta.gob.ar/pdfs/2014/19286.pdf,19/09/2026
80/14,34-240.329/12,"3989, fracción 78, Finca Vaqueros",Quintín o Pacará,izq,LRi20,3558469.39,7271405.58,Gauss-Krüger (declarado),100040761,"19.286, 21/04/2014, pág. 2412",https://boletinoficialsalta.gob.ar/pdfs/2014/19286.pdf,19/09/2026
80/14,34-240.329/12,"3989, fracción 78, Finca Vaqueros",Quintín o Pacará,der,LRd36,3558293.35,7271335.58,Gauss-Krüger (declarado),100040761,"19.286, 21/04/2014, pág. 2412",https://boletinoficialsalta.gob.ar/pdfs/2014/19286.pdf,19/09/2026
80/14,34-240.329/12,"3989, fracción 78, Finca Vaqueros",Quintín o Pacará,der,LRd35,3558160.64,7271379.56,Gauss-Krüger (declarado),100040761,"19.286, 21/04/2014, pág. 2412",https://boletinoficialsalta.gob.ar/pdfs/2014/19286.pdf,19/09/2026
80/14,34-240.329/12,"3989, fracción 78, Finca Vaqueros",Quintín o Pacará,der,LRd34,3558091.66,7271369.0,Gauss-Krüger (declarado),100040761,"19.286, 21/04/2014, pág. 2412",https://boletinoficialsalta.gob.ar/pdfs/2014/19286.pdf,19/09/2026
80/14,34-240.329/12,"3989, fracción 78, Finca Vaqueros",Quintín o Pacará,der,LRd33,3558018.53,7271365.55,Gauss-Krüger (declarado),100040761,"19.286, 21/04/2014, pág. 2412",https://boletinoficialsalta.gob.ar/pdfs/2014/19286.pdf,19/09/2026
80/14,34-240.329/12,"3989, fracción 78, Finca Vaqueros",Quintín o Pacará,der,LRd32,3557947.88,7271378.79,Gauss-Krüger (declarado),100040761,"19.286, 21/04/2014, pág. 2412",https://boletinoficialsalta.gob.ar/pdfs/2014/19286.pdf,19/09/2026
80/14,34-240.329/12,"3989, fracción 78, Finca Vaqueros",Quintín o Pacará,der,LRd31,3557834.2,7271370.43,Gauss-Krüger (declarado),100040761,"19.286, 21/04/2014, pág. 2412",https://boletinoficialsalta.gob.ar/pdfs/2014/19286.pdf,19/09/2026
80/14,34-240.329/12,"3989, fracción 78, Finca Vaqueros",Quintín o Pacará,der,LRd30,3557752.02,7271376.9,Gauss-Krüger (declarado),100040761,"19.286, 21/04/2014, pág. 2412",https://boletinoficialsalta.gob.ar/pdfs/2014/19286.pdf,19/09/2026
80/14,34-240.329/12,"3989, fracción 78, Finca Vaqueros",Quintín o Pacará,der,LRd29,3557689.42,7271376.71,Gauss-Krüger (declarado),100040761,"19.286, 21/04/2014, pág. 2412",https://boletinoficialsalta.gob.ar/pdfs/2014/19286.pdf,19/09/2026
80/14,34-240.329/12,"3989, fracción 78, Finca Vaqueros",Quintín o Pacará,der,LRd28,3557623.83,7271390.33,Gauss-Krüger (declarado),100040761,"19.286, 21/04/2014, pág. 2412",https://boletinoficialsalta.gob.ar/pdfs/2014/19286.pdf,19/09/2026
80/14,34-240.329/12,"3989, fracción 78, Finca Vaqueros",Quintín o Pacará,der,LRd27,3557578.27,7271414.07,Gauss-Krüger (declarado),100040761,"19.286, 21/04/2014, pág. 2412",https://boletinoficialsalta.gob.ar/pdfs/2014/19286.pdf,19/09/2026
80/14,34-240.329/12,"3989, fracción 78, Finca Vaqueros",Quintín o Pacará,der,LRd26,3557544.88,7271437.62,Gauss-Krüger (declarado),100040761,"19.286, 21/04/2014, pág. 2412",https://boletinoficialsalta.gob.ar/pdfs/2014/19286.pdf,19/09/2026
80/14,34-240.329/12,"3989, fracción 78, Finca Vaqueros",Quintín o Pacará,der,LRd25,3557532.23,7271439.01,Gauss-Krüger (declarado),100040761,"19.286, 21/04/2014, pág. 2412",https://boletinoficialsalta.gob.ar/pdfs/2014/19286.pdf,19/09/2026
80/14,34-240.329/12,"3989, fracción 78, Finca Vaqueros",Quintín o Pacará,der,LRd24,3557518.03,7271433.08,Gauss-Krüger (declarado),100040761,"19.286, 21/04/2014, pág. 2412",https://boletinoficialsalta.gob.ar/pdfs/2014/19286.pdf,19/09/2026
80/14,34-240.329/12,"3989, fracción 78, Finca Vaqueros",Quintín o Pacará,der,LRd23,3557469.31,7271424.43,Gauss-Krüger (declarado),100040761,"19.286, 21/04/2014, pág. 2412",https://boletinoficialsalta.gob.ar/pdfs/2014/19286.pdf,19/09/2026
80/14,34-240.329/12,"3989, fracción 78, Finca Vaqueros",Quintín o Pacará,der,LRd22,3557414.19,7271406.93,Gauss-Krüger (declarado),100040761,"19.286, 21/04/2014, pág. 2412",https://boletinoficialsalta.gob.ar/pdfs/2014/19286.pdf,19/09/2026
80/14,34-240.329/12,"3989, fracción 78, Finca Vaqueros",Quintín o Pacará,der,LRd21,3557370.65,7271381.52,Gauss-Krüger (declarado),100040761,"19.286, 21/04/2014, pág. 2412",https://boletinoficialsalta.gob.ar/pdfs/2014/19286.pdf,19/09/2026
80/14,34-240.329/12,"3989, fracción 78, Finca Vaqueros",Quintín o Pacará,izq,LRi1,3557363.34,7271423.31,Gauss-Krüger (declarado),100040761,"19.286, 21/04/2014, pág. 2412",https://boletinoficialsalta.gob.ar/pdfs/2014/19286.pdf,19/09/2026
80/14,34-240.329/12,"3989, fracción 78, Finca Vaqueros",Quintín o Pacará,izq,LRi2,3557405.36,7271441.03,Gauss-Krüger (declarado),100040761,"19.286, 21/04/2014, pág. 2412",https://boletinoficialsalta.gob.ar/pdfs/2014/19286.pdf,19/09/2026
80/14,34-240.329/12,"3989, fracción 78, Finca Vaqueros",Quintín o Pacará,izq,LRi3,3557416.97,7271442.92,Gauss-Krüger (declarado),100040761,"19.286, 21/04/2014, pág. 2412",https://boletinoficialsalta.gob.ar/pdfs/2014/19286.pdf,19/09/2026
80/14,34-240.329/12,"3989, fracción 78, Finca Vaqueros",Quintín o Pacará,izq,LRi4,3557437.33,7271450.23,Gauss-Krüger (declarado),100040761,"19.286, 21/04/2014, pág. 2412",https://boletinoficialsalta.gob.ar/pdfs/2014/19286.pdf,19/09/2026
80/14,34-240.329/12,"3989, fracción 78, Finca Vaqueros",Quintín o Pacará,izq,LRi5,3557470.77,7271457.54,Gauss-Krüger (declarado),100040761,"19.286, 21/04/2014, pág. 2412",https://boletinoficialsalta.gob.ar/pdfs/2014/19286.pdf,19/09/2026
80/14,34-240.329/12,"3989, fracción 78, Finca Vaqueros",Quintín o Pacará,izq,LRi6,3557492.48,7271469.75,Gauss-Krüger (declarado),100040761,"19.286, 21/04/2014, pág. 2412",https://boletinoficialsalta.gob.ar/pdfs/2014/19286.pdf,19/09/2026
80/14,34-240.329/12,"3989, fracción 78, Finca Vaqueros",Quintín o Pacará,izq,LRi7,3557517.3,7271475.45,Gauss-Krüger (declarado),100040761,"19.286, 21/04/2014, pág. 2412",https://boletinoficialsalta.gob.ar/pdfs/2014/19286.pdf,19/09/2026
80/14,34-240.329/12,"3989, fracción 78, Finca Vaqueros",Quintín o Pacará,izq,LRi8,3557530.45,7271473.47,Gauss-Krüger (declarado),100040761,"19.286, 21/04/2014, pág. 2412",https://boletinoficialsalta.gob.ar/pdfs/2014/19286.pdf,19/09/2026
80/14,34-240.329/12,"3989, fracción 78, Finca Vaqueros",Quintín o Pacará,izq,LRi9,3557547.62,7271465.09,Gauss-Krüger (declarado),100040761,"19.286, 21/04/2014, pág. 2412",https://boletinoficialsalta.gob.ar/pdfs/2014/19286.pdf,19/09/2026
80/14,34-240.329/12,"3989, fracción 78, Finca Vaqueros",Quintín o Pacará,izq,LRi10,3557578.81,7271466.4,Gauss-Krüger (declarado),100040761,"19.286, 21/04/2014, pág. 2412",https://boletinoficialsalta.gob.ar/pdfs/2014/19286.pdf,19/09/2026
80/14,34-240.329/12,"3989, fracción 78, Finca Vaqueros",Quintín o Pacará,izq,LRi11,3557632.44,7271464.07,Gauss-Krüger (declarado),100040761,"19.286, 21/04/2014, pág. 2412",https://boletinoficialsalta.gob.ar/pdfs/2014/19286.pdf,19/09/2026
80/14,34-240.329/12,"3989, fracción 78, Finca Vaqueros",Quintín o Pacará,izq,LRi12,3557715.57,7271447.44,Gauss-Krüger (declarado),100040761,"19.286, 21/04/2014, pág. 2412",https://boletinoficialsalta.gob.ar/pdfs/2014/19286.pdf,19/09/2026
80/14,34-240.329/12,"3989, fracción 78, Finca Vaqueros",Quintín o Pacará,izq,LRi13,3557773.28,7271451.42,Gauss-Krüger (declarado),100040761,"19.286, 21/04/2014, pág. 2412",https://boletinoficialsalta.gob.ar/pdfs/2014/19286.pdf,19/09/2026
80/14,34-240.329/12,"3989, fracción 78, Finca Vaqueros",Quintín o Pacará,izq,LRi14,3557876.1,7271448.65,Gauss-Krüger (declarado),100040761,"19.286, 21/04/2014, pág. 2412",https://boletinoficialsalta.gob.ar/pdfs/2014/19286.pdf,19/09/2026
80/14,34-240.329/12,"3989, fracción 78, Finca Vaqueros",Quintín o Pacará,izq,LRi15,3557930.85,7271441.46,Gauss-Krüger (declarado),100040761,"19.286, 21/04/2014, pág. 2412",https://boletinoficialsalta.gob.ar/pdfs/2014/19286.pdf,19/09/2026
14/16,34-125.733/15,"4445, fracción 195, Finca Vaqueros",Wierna,izq,LRI-01,3560483.87,7271321.97,"Gauss-Krüger (declarado; columnas rotuladas Y, X a la manera geodésica)",100052551,"19.740, 15/03/2016, págs. 25-26",https://boletinoficialsalta.gob.ar/boletindigital/2016/19740.pdf,19/09/2026
14/16,34-125.733/15,"4445, fracción 195, Finca Vaqueros",Wierna,izq,LRI-02,3560564.66,7271243.1,"Gauss-Krüger (declarado; columnas rotuladas Y, X a la manera geodésica)",100052551,"19.740, 15/03/2016, págs. 25-26",https://boletinoficialsalta.gob.ar/boletindigital/2016/19740.pdf,19/09/2026
14/16,34-125.733/15,"4445, fracción 195, Finca Vaqueros",Wierna,izq,LRI-03,3560600.14,7271220.74,"Gauss-Krüger (declarado; columnas rotuladas Y, X a la manera geodésica)",100052551,"19.740, 15/03/2016, págs. 25-26",https://boletinoficialsalta.gob.ar/boletindigital/2016/19740.pdf,19/09/2026
14/16,34-125.733/15,"4445, fracción 195, Finca Vaqueros",Wierna,der,LRD-01,3560353.84,7271209.8,"Gauss-Krüger (declarado; columnas rotuladas Y, X a la manera geodésica)",100052551,"19.740, 15/03/2016, págs. 25-26",https://boletinoficialsalta.gob.ar/boletindigital/2016/19740.pdf,19/09/2026
14/16,34-125.733/15,"4445, fracción 195, Finca Vaqueros",Wierna,der,LRD-02,3560390.22,7271168.36,"Gauss-Krüger (declarado; columnas rotuladas Y, X a la manera geodésica)",100052551,"19.740, 15/03/2016, págs. 25-26",https://boletinoficialsalta.gob.ar/boletindigital/2016/19740.pdf,19/09/2026
14/16,34-125.733/15,"4445, fracción 195, Finca Vaqueros",Wierna,der,LRD-03,3560499.5,7271104.53,"Gauss-Krüger (declarado; columnas rotuladas Y, X a la manera geodésica)",100052551,"19.740, 15/03/2016, págs. 25-26",https://boletinoficialsalta.gob.ar/boletindigital/2016/19740.pdf,19/09/2026
14/16,34-125.733/15,"4445, fracción 195, Finca Vaqueros",Wierna,inund,Li-01,3560286.11,7271161.99,"Gauss-Krüger (declarado; columnas rotuladas Y, X a la manera geodésica)",100052551,"19.740, 15/03/2016, págs. 25-26",https://boletinoficialsalta.gob.ar/boletindigital/2016/19740.pdf,19/09/2026
14/16,34-125.733/15,"4445, fracción 195, Finca Vaqueros",Wierna,inund,Li-02,3560319.19,7271127.46,"Gauss-Krüger (declarado; columnas rotuladas Y, X a la manera geodésica)",100052551,"19.740, 15/03/2016, págs. 25-26",https://boletinoficialsalta.gob.ar/boletindigital/2016/19740.pdf,19/09/2026
14/16,34-125.733/15,"4445, fracción 195, Finca Vaqueros",Wierna,inund,Li-03,3560383.56,7271031.41,"Gauss-Krüger (declarado; columnas rotuladas Y, X a la manera geodésica)",100052551,"19.740, 15/03/2016, págs. 25-26",https://boletinoficialsalta.gob.ar/boletindigital/2016/19740.pdf,19/09/2026
14/16,34-125.733/15,"4445, fracción 195, Finca Vaqueros",Wierna,inund,Li-04,3560440.5,7270958.55,"Gauss-Krüger (declarado; columnas rotuladas Y, X a la manera geodésica)",100052551,"19.740, 15/03/2016, págs. 25-26",https://boletinoficialsalta.gob.ar/boletindigital/2016/19740.pdf,19/09/2026
144/17,34-202.169/15,40 (ampliación),Vaqueros,der,LRmd1a,3560344.88,7267793.62,sin declarar; el edicto rotula X la coordenada norte y Y la este,100060566,"20.042, 15/06/2017, pág. 44",https://boletinoficialsalta.gob.ar/boletindigital/2017/20042.pdf,19/09/2026
144/17,34-202.169/15,40 (ampliación),Vaqueros,der,LRmd2a,3560319.88,7267797.12,sin declarar; el edicto rotula X la coordenada norte y Y la este,100060566,"20.042, 15/06/2017, pág. 44",https://boletinoficialsalta.gob.ar/boletindigital/2017/20042.pdf,19/09/2026
144/17,34-202.169/15,40 (ampliación),Vaqueros,der,LRmd3a,3560264.24,7267801.36,sin declarar; el edicto rotula X la coordenada norte y Y la este,100060566,"20.042, 15/06/2017, pág. 44",https://boletinoficialsalta.gob.ar/boletindigital/2017/20042.pdf,19/09/2026
144/17,34-202.169/15,40 (ampliación),Vaqueros,der,LRmd4a,3560229.39,7267802.74,sin declarar; el edicto rotula X la coordenada norte y Y la este,100060566,"20.042, 15/06/2017, pág. 44",https://boletinoficialsalta.gob.ar/boletindigital/2017/20042.pdf,19/09/2026
144/17,34-202.169/15,40 (ampliación),Vaqueros,izq,LRmi5a,3560354.21,7267934.2,sin declarar; el edicto rotula X la coordenada norte y Y la este,100060566,"20.042, 15/06/2017, pág. 44",https://boletinoficialsalta.gob.ar/boletindigital/2017/20042.pdf,19/09/2026
144/17,34-202.169/15,40 (ampliación),Vaqueros,izq,LRmi6a,3560321.86,7267930.35,sin declarar; el edicto rotula X la coordenada norte y Y la este,100060566,"20.042, 15/06/2017, pág. 44",https://boletinoficialsalta.gob.ar/boletindigital/2017/20042.pdf,19/09/2026
144/17,34-202.169/15,40 (ampliación),Vaqueros,izq,LRmi7a,3560286.73,7267930.81,sin declarar; el edicto rotula X la coordenada norte y Y la este,100060566,"20.042, 15/06/2017, pág. 44",https://boletinoficialsalta.gob.ar/boletindigital/2017/20042.pdf,19/09/2026
144/17,34-202.169/15,40 (ampliación),Vaqueros,izq,LRmi8a,3560244.52,7267920.83,sin declarar; el edicto rotula X la coordenada norte y Y la este,100060566,"20.042, 15/06/2017, pág. 44",https://boletinoficialsalta.gob.ar/boletindigital/2017/20042.pdf,19/09/2026
101/14,34-207.589/12,4191 remanente Fca. Vaqueros,Los Nogales Norte o El Cajón,izq,LRI-1,3556178.83,7270309.12,sin declarar; el edicto rotula X la coordenada norte y Y la este,100041196,"19.299 y 19.300, 12 y 13/05/2014",,19/09/2026
101/14,34-207.589/12,4191 remanente Fca. Vaqueros,Los Nogales Norte o El Cajón,izq,LRI-2,3556208.0,7270298.33,sin declarar; el edicto rotula X la coordenada norte y Y la este,100041196,"19.299 y 19.300, 12 y 13/05/2014",,19/09/2026
101/14,34-207.589/12,4191 remanente Fca. Vaqueros,Los Nogales Norte o El Cajón,izq,LRI-3,3556268.62,7270242.35,sin declarar; el edicto rotula X la coordenada norte y Y la este,100041196,"19.299 y 19.300, 12 y 13/05/2014",,19/09/2026
101/14,34-207.589/12,4191 remanente Fca. Vaqueros,Los Nogales Norte o El Cajón,izq,LRI-4,3556322.85,7270218.28,sin declarar; el edicto rotula X la coordenada norte y Y la este,100041196,"19.299 y 19.300, 12 y 13/05/2014",,19/09/2026
101/14,34-207.589/12,4191 remanente Fca. Vaqueros,Los Nogales Norte o El Cajón,izq,LRI-5,3556401.81,7270197.75,sin declarar; el edicto rotula X la coordenada norte y Y la este,100041196,"19.299 y 19.300, 12 y 13/05/2014",,19/09/2026
101/14,34-207.589/12,4191 remanente Fca. Vaqueros,Los Nogales Norte o El Cajón,izq,LRI-6,3556452.14,7270166.03,sin declarar; el edicto rotula X la coordenada norte y Y la este,100041196,"19.299 y 19.300, 12 y 13/05/2014",,19/09/2026
101/14,34-207.589/12,4191 remanente Fca. Vaqueros,Los Nogales Norte o El Cajón,izq,LRI-7,3556482.08,7270097.56,sin declarar; el edicto rotula X la coordenada norte y Y la este,100041196,"19.299 y 19.300, 12 y 13/05/2014",,19/09/2026
101/14,34-207.589/12,4191 remanente Fca. Vaqueros,Los Nogales Norte o El Cajón,izq,LRI-8,3556530.22,7270048.62,sin declarar; el edicto rotula X la coordenada norte y Y la este,100041196,"19.299 y 19.300, 12 y 13/05/2014",,19/09/2026
101/14,34-207.589/12,4191 remanente Fca. Vaqueros,Los Nogales Norte o El Cajón,izq,LRI-9,3556599.0,7270034.78,sin declarar; el edicto rotula X la coordenada norte y Y la este,100041196,"19.299 y 19.300, 12 y 13/05/2014",,19/09/2026
101/14,34-207.589/12,4191 remanente Fca. Vaqueros,Los Nogales Norte o El Cajón,izq,LRI-10,3556619.56,7270014.75,sin declarar; el edicto rotula X la coordenada norte y Y la este,100041196,"19.299 y 19.300, 12 y 13/05/2014",,19/09/2026
101/14,34-207.589/12,4191 remanente Fca. Vaqueros,Los Nogales Norte o El Cajón,izq,LRI-11,3556633.37,7270013.77,sin declarar; el edicto rotula X la coordenada norte y Y la este,100041196,"19.299 y 19.300, 12 y 13/05/2014",,19/09/2026
101/14,34-207.589/12,4191 remanente Fca. Vaqueros,Los Nogales Norte o El Cajón,izq,LRI-12,3556682.03,7270039.31,sin declarar; el edicto rotula X la coordenada norte y Y la este,100041196,"19.299 y 19.300, 12 y 13/05/2014",,19/09/2026
101/14,34-207.589/12,4191 remanente Fca. Vaqueros,Los Nogales Norte o El Cajón,izq,LRI-13,3556896.43,7270104.6,sin declarar; el edicto rotula X la coordenada norte y Y la este,100041196,"19.299 y 19.300, 12 y 13/05/2014",,19/09/2026
101/14,34-207.589/12,4191 remanente Fca. Vaqueros,Los Nogales Norte o El Cajón,izq,LRI-14,3557051.13,7270106.84,sin declarar; el edicto rotula X la coordenada norte y Y la este,100041196,"19.299 y 19.300, 12 y 13/05/2014",,19/09/2026
101/14,34-207.589/12,4191 remanente Fca. Vaqueros,Los Nogales Norte o El Cajón,izq,LRI-15,3557229.3,7270030.92,sin declarar; el edicto rotula X la coordenada norte y Y la este,100041196,"19.299 y 19.300, 12 y 13/05/2014",,19/09/2026
101/14,34-207.589/12,4191 remanente Fca. Vaqueros,Los Nogales Norte o El Cajón,izq,LRI-16,3557345.26,7270020.28,sin declarar; el edicto rotula X la coordenada norte y Y la este,100041196,"19.299 y 19.300, 12 y 13/05/2014",,19/09/2026
101/14,34-207.589/12,4191 remanente Fca. Vaqueros,Los Nogales Norte o El Cajón,izq,LRI-17,3557589.51,7269989.94,sin declarar; el edicto rotula X la coordenada norte y Y la este,100041196,"19.299 y 19.300, 12 y 13/05/2014",,19/09/2026
101/14,34-207.589/12,4191 remanente Fca. Vaqueros,Los Nogales Norte o El Cajón,izq,LRI-18,3557628.68,7269944.19,sin declarar; el edicto rotula X la coordenada norte y Y la este,100041196,"19.299 y 19.300, 12 y 13/05/2014",,19/09/2026
101/14,34-207.589/12,4191 remanente Fca. Vaqueros,Los Nogales Norte o El Cajón,izq,LRI-19,3557873.26,7269783.48,sin declarar; el edicto rotula X la coordenada norte y Y la este,100041196,"19.299 y 19.300, 12 y 13/05/2014",,19/09/2026
101/14,34-207.589/12,4191 remanente Fca. Vaqueros,Los Nogales Norte o El Cajón,izq,LRI-20,3557919.95,7269765.0,sin declarar; el edicto rotula X la coordenada norte y Y la este,100041196,"19.299 y 19.300, 12 y 13/05/2014",,19/09/2026
101/14,34-207.589/12,4191 remanente Fca. Vaqueros,Los Nogales Norte o El Cajón,izq,LRI-21,3557978.13,7269712.05,sin declarar; el edicto rotula X la coordenada norte y Y la este,100041196,"19.299 y 19.300, 12 y 13/05/2014",,19/09/2026
101/14,34-207.589/12,4191 remanente Fca. Vaqueros,Los Nogales Norte o El Cajón,izq,LRI-22,3557998.77,7269685.63,sin declarar; el edicto rotula X la coordenada norte y Y la este,100041196,"19.299 y 19.300, 12 y 13/05/2014",,19/09/2026
101/14,34-207.589/12,4191 remanente Fca. Vaqueros,Los Nogales Norte o El Cajón,izq,LRI-23,3558009.15,7269657.39,sin declarar; el edicto rotula X la coordenada norte y Y la este,100041196,"19.299 y 19.300, 12 y 13/05/2014",,19/09/2026
101/14,34-207.589/12,4191 remanente Fca. Vaqueros,Los Nogales Norte o El Cajón,der,LRD-24,3557940.4,7269604.81,sin declarar; el edicto rotula X la coordenada norte y Y la este,100041196,"19.299 y 19.300, 12 y 13/05/2014",,19/09/2026
101/14,34-207.589/12,4191 remanente Fca. Vaqueros,Los Nogales Norte o El Cajón,der,LRD-25,3557920.18,7269644.43,sin declarar; el edicto rotula X la coordenada norte y Y la este,100041196,"19.299 y 19.300, 12 y 13/05/2014",,19/09/2026
101/14,34-207.589/12,4191 remanente Fca. Vaqueros,Los Nogales Norte o El Cajón,der,LRD-26,3557852.12,7269711.01,sin declarar; el edicto rotula X la coordenada norte y Y la este,100041196,"19.299 y 19.300, 12 y 13/05/2014",,19/09/2026
101/14,34-207.589/12,4191 remanente Fca. Vaqueros,Los Nogales Norte o El Cajón,der,LRD-27,3557779.44,7269746.32,sin declarar; el edicto rotula X la coordenada norte y Y la este,100041196,"19.299 y 19.300, 12 y 13/05/2014",,19/09/2026
101/14,34-207.589/12,4191 remanente Fca. Vaqueros,Los Nogales Norte o El Cajón,der,LRD-28,3557711.54,7269837.82,sin declarar; el edicto rotula X la coordenada norte y Y la este,100041196,"19.299 y 19.300, 12 y 13/05/2014",,19/09/2026
101/14,34-207.589/12,4191 remanente Fca. Vaqueros,Los Nogales Norte o El Cajón,der,LRD-29,3557588.64,7269909.41,sin declarar; el edicto rotula X la coordenada norte y Y la este,100041196,"19.299 y 19.300, 12 y 13/05/2014",,19/09/2026
101/14,34-207.589/12,4191 remanente Fca. Vaqueros,Los Nogales Norte o El Cajón,der,LRD-30,3557540.26,7269923.45,sin declarar; el edicto rotula X la coordenada norte y Y la este,100041196,"19.299 y 19.300, 12 y 13/05/2014",,19/09/2026
101/14,34-207.589/12,4191 remanente Fca. Vaqueros,Los Nogales Norte o El Cajón,der,LRD-31,3557510.94,7269918.62,sin declarar; el edicto rotula X la coordenada norte y Y la este,100041196,"19.299 y 19.300, 12 y 13/05/2014",,19/09/2026
101/14,34-207.589/12,4191 remanente Fca. Vaqueros,Los Nogales Norte o El Cajón,der,LRD-32,3557471.79,7269931.86,sin declarar; el edicto rotula X la coordenada norte y Y la este,100041196,"19.299 y 19.300, 12 y 13/05/2014",,19/09/2026
101/14,34-207.589/12,4191 remanente Fca. Vaqueros,Los Nogales Norte o El Cajón,der,LRD-33,3557436.24,7269940.7,sin declarar; el edicto rotula X la coordenada norte y Y la este,100041196,"19.299 y 19.300, 12 y 13/05/2014",,19/09/2026
101/14,34-207.589/12,4191 remanente Fca. Vaqueros,Los Nogales Norte o El Cajón,der,LRD-34,3557402.93,7269936.18,sin declarar; el edicto rotula X la coordenada norte y Y la este,100041196,"19.299 y 19.300, 12 y 13/05/2014",,19/09/2026
101/14,34-207.589/12,4191 remanente Fca. Vaqueros,Los Nogales Norte o El Cajón,der,LRD-35,3557347.94,7269942.25,sin declarar; el edicto rotula X la coordenada norte y Y la este,100041196,"19.299 y 19.300, 12 y 13/05/2014",,19/09/2026
101/14,34-207.589/12,4191 remanente Fca. Vaqueros,Los Nogales Norte o El Cajón,der,LRD-36,3557323.83,7269936.15,sin declarar; el edicto rotula X la coordenada norte y Y la este,100041196,"19.299 y 19.300, 12 y 13/05/2014",,19/09/2026
101/14,34-207.589/12,4191 remanente Fca. Vaqueros,Los Nogales Norte o El Cajón,der,LRD-37,3557295.34,7269937.72,sin declarar; el edicto rotula X la coordenada norte y Y la este,100041196,"19.299 y 19.300, 12 y 13/05/2014",,19/09/2026
101/14,34-207.589/12,4191 remanente Fca. Vaqueros,Los Nogales Norte o El Cajón,der,LRD-38,3557271.11,7269949.89,sin declarar; el edicto rotula X la coordenada norte y Y la este,100041196,"19.299 y 19.300, 12 y 13/05/2014",,19/09/2026
101/14,34-207.589/12,4191 remanente Fca. Vaqueros,Los Nogales Norte o El Cajón,der,LRD-39,3557190.08,7269968.08,sin declarar; el edicto rotula X la coordenada norte y Y la este,100041196,"19.299 y 19.300, 12 y 13/05/2014",,19/09/2026
101/14,34-207.589/12,4191 remanente Fca. Vaqueros,Los Nogales Norte o El Cajón,der,LRD-40,3557126.2,7270006.23,sin declarar; el edicto rotula X la coordenada norte y Y la este,100041196,"19.299 y 19.300, 12 y 13/05/2014",,19/09/2026
101/14,34-207.589/12,4191 remanente Fca. Vaqueros,Los Nogales Norte o El Cajón,der,LRD-41,3557053.72,7270022.48,sin declarar; el edicto rotula X la coordenada norte y Y la este,100041196,"19.299 y 19.300, 12 y 13/05/2014",,19/09/2026
101/14,34-207.589/12,4191 remanente Fca. Vaqueros,Los Nogales Norte o El Cajón,der,LRD-42,3556898.29,7270011.87,sin declarar; el edicto rotula X la coordenada norte y Y la este,100041196,"19.299 y 19.300, 12 y 13/05/2014",,19/09/2026
101/14,34-207.589/12,4191 remanente Fca. Vaqueros,Los Nogales Norte o El Cajón,der,LRD-43,3556873.46,7269997.8,sin declarar; el edicto rotula X la coordenada norte y Y la este,100041196,"19.299 y 19.300, 12 y 13/05/2014",,19/09/2026
101/14,34-207.589/12,4191 remanente Fca. Vaqueros,Los Nogales Norte o El Cajón,der,LRD-44,3556848.85,7269996.32,sin declarar; el edicto rotula X la coordenada norte y Y la este,100041196,"19.299 y 19.300, 12 y 13/05/2014",,19/09/2026
101/14,34-207.589/12,4191 remanente Fca. Vaqueros,Los Nogales Norte o El Cajón,der,LRD-45,3556756.81,7270002.34,sin declarar; el edicto rotula X la coordenada norte y Y la este,100041196,"19.299 y 19.300, 12 y 13/05/2014",,19/09/2026
101/14,34-207.589/12,4191 remanente Fca. Vaqueros,Los Nogales Norte o El Cajón,der,LRD-46,3556736.57,7269995.65,sin declarar; el edicto rotula X la coordenada norte y Y la este,100041196,"19.299 y 19.300, 12 y 13/05/2014",,19/09/2026
101/14,34-207.589/12,4191 remanente Fca. Vaqueros,Los Nogales Norte o El Cajón,der,LRD-47,3556712.41,7269974.18,sin declarar; el edicto rotula X la coordenada norte y Y la este,100041196,"19.299 y 19.300, 12 y 13/05/2014",,19/09/2026
101/14,34-207.589/12,4191 remanente Fca. Vaqueros,Los Nogales Norte o El Cajón,der,LRD-48,3556679.32,7269971.85,sin declarar; el edicto rotula X la coordenada norte y Y la este,100041196,"19.299 y 19.300, 12 y 13/05/2014",,19/09/2026
101/14,34-207.589/12,4191 remanente Fca. Vaqueros,Los Nogales Norte o El Cajón,der,LRD-49,3556574.82,7269994.11,sin declarar; el edicto rotula X la coordenada norte y Y la este,100041196,"19.299 y 19.300, 12 y 13/05/2014",,19/09/2026
101/14,34-207.589/12,4191 remanente Fca. Vaqueros,Los Nogales Norte o El Cajón,der,LRD-50,3556532.24,7270023.11,sin declarar; el edicto rotula X la coordenada norte y Y la este,100041196,"19.299 y 19.300, 12 y 13/05/2014",,19/09/2026
101/14,34-207.589/12,4191 remanente Fca. Vaqueros,Los Nogales Norte o El Cajón,der,LRD-80,3556501.35,7270045.31,sin declarar; el edicto rotula X la coordenada norte y Y la este,100041196,"19.299 y 19.300, 12 y 13/05/2014",,19/09/2026
101/14,34-207.589/12,4191 remanente Fca. Vaqueros,Los Nogales Norte o El Cajón,der,LRD-81,3556470.36,7270072.99,sin declarar; el edicto rotula X la coordenada norte y Y la este,100041196,"19.299 y 19.300, 12 y 13/05/2014",,19/09/2026
101/14,34-207.589/12,4191 remanente Fca. Vaqueros,Los Nogales Norte o El Cajón,der,LRD-82,3556448.07,7270116.48,sin declarar; el edicto rotula X la coordenada norte y Y la este,100041196,"19.299 y 19.300, 12 y 13/05/2014",,19/09/2026
101/14,34-207.589/12,4191 remanente Fca. Vaqueros,Los Nogales Norte o El Cajón,der,LRD-83,3556384.12,7270191.91,sin declarar; el edicto rotula X la coordenada norte y Y la este,100041196,"19.299 y 19.300, 12 y 13/05/2014",,19/09/2026
101/14,34-207.589/12,4191 remanente Fca. Vaqueros,Los Nogales Norte o El Cajón,der,LRD-84,3556310.59,7270203.89,sin declarar; el edicto rotula X la coordenada norte y Y la este,100041196,"19.299 y 19.300, 12 y 13/05/2014",,19/09/2026
101/14,34-207.589/12,4191 remanente Fca. Vaqueros,Los Nogales Norte o El Cajón,der,LRD-85,3556268.92,7270219.03,sin declarar; el edicto rotula X la coordenada norte y Y la este,100041196,"19.299 y 19.300, 12 y 13/05/2014",,19/09/2026
101/14,34-207.589/12,4191 remanente Fca. Vaqueros,Los Nogales Norte o El Cajón,der,LRD-86,3556238.96,7270256.76,sin declarar; el edicto rotula X la coordenada norte y Y la este,100041196,"19.299 y 19.300, 12 y 13/05/2014",,19/09/2026
101/14,34-207.589/12,4191 remanente Fca. Vaqueros,Los Nogales Norte o El Cajón,der,LRD-87,3556200.66,7270284.88,sin declarar; el edicto rotula X la coordenada norte y Y la este,100041196,"19.299 y 19.300, 12 y 13/05/2014",,19/09/2026
101/14,34-207.589/12,4191 remanente Fca. Vaqueros,Los Nogales Norte o El Cajón,der,LRD-88,3556181.11,7270287.09,sin declarar; el edicto rotula X la coordenada norte y Y la este,100041196,"19.299 y 19.300, 12 y 13/05/2014",,19/09/2026
101/14,34-207.589/12,4191 remanente Fca. Vaqueros,Los Nogales Norte o El Cajón,der,LRD-89,3556168.04,7270301.68,sin declarar; el edicto rotula X la coordenada norte y Y la este,100041196,"19.299 y 19.300, 12 y 13/05/2014",,19/09/2026
101/14,34-207.589/12,4191 remanente Fca. Vaqueros,Los Nogales Sur o El Cajón (así en el edicto),izq,LRI-50,3556532.24,7270023.11,sin declarar; el edicto rotula X la coordenada norte y Y la este,100041196,"19.299 y 19.300, 12 y 13/05/2014",,19/09/2026
101/14,34-207.589/12,4191 remanente Fca. Vaqueros,Los Nogales Sur o El Cajón (así en el edicto),izq,LRI-51,3556485.35,7270035.01,sin declarar; el edicto rotula X la coordenada norte y Y la este,100041196,"19.299 y 19.300, 12 y 13/05/2014",,19/09/2026
101/14,34-207.589/12,4191 remanente Fca. Vaqueros,Los Nogales Sur o El Cajón (así en el edicto),izq,LRI-52,3556454.87,7270034.78,sin declarar; el edicto rotula X la coordenada norte y Y la este,100041196,"19.299 y 19.300, 12 y 13/05/2014",,19/09/2026
101/14,34-207.589/12,4191 remanente Fca. Vaqueros,Los Nogales Sur o El Cajón (así en el edicto),izq,LRI-53,3556420.45,7270027.12,sin declarar; el edicto rotula X la coordenada norte y Y la este,100041196,"19.299 y 19.300, 12 y 13/05/2014",,19/09/2026
101/14,34-207.589/12,4191 remanente Fca. Vaqueros,Los Nogales Sur o El Cajón (así en el edicto),izq,LRI-54,3556389.96,7270011.05,sin declarar; el edicto rotula X la coordenada norte y Y la este,100041196,"19.299 y 19.300, 12 y 13/05/2014",,19/09/2026
101/14,34-207.589/12,4191 remanente Fca. Vaqueros,Los Nogales Sur o El Cajón (así en el edicto),izq,LRI-55,3556383.68,7269994.51,sin declarar; el edicto rotula X la coordenada norte y Y la este,100041196,"19.299 y 19.300, 12 y 13/05/2014",,19/09/2026
101/14,34-207.589/12,4191 remanente Fca. Vaqueros,Los Nogales Sur o El Cajón (así en el edicto),izq,LRI-56,3556361.21,7269975.08,sin declarar; el edicto rotula X la coordenada norte y Y la este,100041196,"19.299 y 19.300, 12 y 13/05/2014",,19/09/2026
101/14,34-207.589/12,4191 remanente Fca. Vaqueros,Los Nogales Sur o El Cajón (así en el edicto),izq,LRI-57,3556320.6,7269963.87,sin declarar; el edicto rotula X la coordenada norte y Y la este,100041196,"19.299 y 19.300, 12 y 13/05/2014",,19/09/2026
101/14,34-207.589/12,4191 remanente Fca. Vaqueros,Los Nogales Sur o El Cajón (así en el edicto),izq,LRI-58,3556306.44,7269968.68,sin declarar; el edicto rotula X la coordenada norte y Y la este,100041196,"19.299 y 19.300, 12 y 13/05/2014",,19/09/2026
101/14,34-207.589/12,4191 remanente Fca. Vaqueros,Los Nogales Sur o El Cajón (así en el edicto),izq,LRI-59,3556274.1,7269972.68,sin declarar; el edicto rotula X la coordenada norte y Y la este,100041196,"19.299 y 19.300, 12 y 13/05/2014",,19/09/2026
101/14,34-207.589/12,4191 remanente Fca. Vaqueros,Los Nogales Sur o El Cajón (así en el edicto),izq,LRI-60,3556260.9,7269962.44,sin declarar; el edicto rotula X la coordenada norte y Y la este,100041196,"19.299 y 19.300, 12 y 13/05/2014",,19/09/2026
101/14,34-207.589/12,4191 remanente Fca. Vaqueros,Los Nogales Sur o El Cajón (así en el edicto),izq,LRI-61,3556239.67,7269964.91,sin declarar; el edicto rotula X la coordenada norte y Y la este,100041196,"19.299 y 19.300, 12 y 13/05/2014",,19/09/2026
101/14,34-207.589/12,4191 remanente Fca. Vaqueros,Los Nogales Sur o El Cajón (así en el edicto),izq,LRI-62,3556206.77,7269990.99,sin declarar; el edicto rotula X la coordenada norte y Y la este,100041196,"19.299 y 19.300, 12 y 13/05/2014",,19/09/2026
101/14,34-207.589/12,4191 remanente Fca. Vaqueros,Los Nogales Sur o El Cajón (así en el edicto),izq,LRI-63,3556187.0,7269993.59,sin declarar; el edicto rotula X la coordenada norte y Y la este,100041196,"19.299 y 19.300, 12 y 13/05/2014",,19/09/2026
101/14,34-207.589/12,4191 remanente Fca. Vaqueros,Los Nogales Sur o El Cajón (así en el edicto),izq,LRI-64,3556153.58,7270006.28,sin declarar; el edicto rotula X la coordenada norte y Y la este,100041196,"19.299 y 19.300, 12 y 13/05/2014",,19/09/2026
101/14,34-207.589/12,4191 remanente Fca. Vaqueros,Los Nogales Sur o El Cajón (así en el edicto),izq,LRI-65,3556111.33,7270010.73,sin declarar; el edicto rotula X la coordenada norte y Y la este,100041196,"19.299 y 19.300, 12 y 13/05/2014",,19/09/2026
101/14,34-207.589/12,4191 remanente Fca. Vaqueros,Los Nogales Sur o El Cajón (así en el edicto),izq,LRI-66,3556065.29,7270033.54,sin declarar; el edicto rotula X la coordenada norte y Y la este,100041196,"19.299 y 19.300, 12 y 13/05/2014",,19/09/2026
101/14,34-207.589/12,4191 remanente Fca. Vaqueros,Los Nogales Sur o El Cajón (así en el edicto),der,LRD-67,3556069.89,7270041.32,sin declarar; el edicto rotula X la coordenada norte y Y la este,100041196,"19.299 y 19.300, 12 y 13/05/2014",,19/09/2026
101/14,34-207.589/12,4191 remanente Fca. Vaqueros,Los Nogales Sur o El Cajón (así en el edicto),der,LRD-68,3556111.54,7270021.56,sin declarar; el edicto rotula X la coordenada norte y Y la este,100041196,"19.299 y 19.300, 12 y 13/05/2014",,19/09/2026
101/14,34-207.589/12,4191 remanente Fca. Vaqueros,Los Nogales Sur o El Cajón (así en el edicto),der,LRD-69,3556154.05,7270016.39,sin declarar; el edicto rotula X la coordenada norte y Y la este,100041196,"19.299 y 19.300, 12 y 13/05/2014",,19/09/2026
101/14,34-207.589/12,4191 remanente Fca. Vaqueros,Los Nogales Sur o El Cajón (así en el edicto),der,LRD-70,3556200.18,7270004.14,sin declarar; el edicto rotula X la coordenada norte y Y la este,100041196,"19.299 y 19.300, 12 y 13/05/2014",,19/09/2026
101/14,34-207.589/12,4191 remanente Fca. Vaqueros,Los Nogales Sur o El Cajón (así en el edicto),der,LRD-71,3556227.81,7269991.44,sin declarar; el edicto rotula X la coordenada norte y Y la este,100041196,"19.299 y 19.300, 12 y 13/05/2014",,19/09/2026
101/14,34-207.589/12,4191 remanente Fca. Vaqueros,Los Nogales Sur o El Cajón (así en el edicto),der,LRD-72,3556244.6,7269970.57,sin declarar; el edicto rotula X la coordenada norte y Y la este,100041196,"19.299 y 19.300, 12 y 13/05/2014",,19/09/2026
101/14,34-207.589/12,4191 remanente Fca. Vaqueros,Los Nogales Sur o El Cajón (así en el edicto),der,LRD-73,3556251.68,7269970.08,sin declarar; el edicto rotula X la coordenada norte y Y la este,100041196,"19.299 y 19.300, 12 y 13/05/2014",,19/09/2026
101/14,34-207.589/12,4191 remanente Fca. Vaqueros,Los Nogales Sur o El Cajón (así en el edicto),der,LRD-74,3556273.85,7269980.6,sin declarar; el edicto rotula X la coordenada norte y Y la este,100041196,"19.299 y 19.300, 12 y 13/05/2014",,19/09/2026
101/14,34-207.589/12,4191 remanente Fca. Vaqueros,Los Nogales Sur o El Cajón (así en el edicto),der,LRD-75,3556336.55,7269982.2,sin declarar; el edicto rotula X la coordenada norte y Y la este,100041196,"19.299 y 19.300, 12 y 13/05/2014",,19/09/2026
101/14,34-207.589/12,4191 remanente Fca. Vaqueros,Los Nogales Sur o El Cajón (así en el edicto),der,LRD-76,3556399.64,7270034.29,sin declarar; el edicto rotula X la coordenada norte y Y la este,100041196,"19.299 y 19.300, 12 y 13/05/2014",,19/09/2026
101/14,34-207.589/12,4191 remanente Fca. Vaqueros,Los Nogales Sur o El Cajón (así en el edicto),der,LRD-77,3556444.13,7270043.67,sin declarar; el edicto rotula X la coordenada norte y Y la este,100041196,"19.299 y 19.300, 12 y 13/05/2014",,19/09/2026
101/14,34-207.589/12,4191 remanente Fca. Vaqueros,Los Nogales Sur o El Cajón (así en el edicto),der,LRD-78,3556487.92,7270040.65,sin declarar; el edicto rotula X la coordenada norte y Y la este,100041196,"19.299 y 19.300, 12 y 13/05/2014",,19/09/2026
101/14,34-207.589/12,4191 remanente Fca. Vaqueros,Los Nogales Sur o El Cajón (así en el edicto),der,LRD-79,3556501.11,7270044.17,sin declarar; el edicto rotula X la coordenada norte y Y la este,100041196,"19.299 y 19.300, 12 y 13/05/2014",,19/09/2026
182/14,34-160.829/13,"2882 Fracc. 1 y 3, La Calderilla",La Caldera,izq,LRMI01,3561855.75,7275501.14,"sin declarar; rótulos opuestos en cada margen (izq.: Y este, X norte; der.: X este, Y norte)",100042593,"19.347 y 19.348, 22 y 23/07/2014",,19/09/2026
182/14,34-160.829/13,"2882 Fracc. 1 y 3, La Calderilla",La Caldera,izq,LRMI02,3561873.0,7275418.48,"sin declarar; rótulos opuestos en cada margen (izq.: Y este, X norte; der.: X este, Y norte)",100042593,"19.347 y 19.348, 22 y 23/07/2014",,19/09/2026
182/14,34-160.829/13,"2882 Fracc. 1 y 3, La Calderilla",La Caldera,izq,LRMI03,3561872.0,7275345.64,"sin declarar; rótulos opuestos en cada margen (izq.: Y este, X norte; der.: X este, Y norte)",100042593,"19.347 y 19.348, 22 y 23/07/2014",,19/09/2026
182/14,34-160.829/13,"2882 Fracc. 1 y 3, La Calderilla",La Caldera,der,LRMD04,3561434.79,7275352.86,"sin declarar; rótulos opuestos en cada margen (izq.: Y este, X norte; der.: X este, Y norte)",100042593,"19.347 y 19.348, 22 y 23/07/2014",,19/09/2026
182/14,34-160.829/13,"2882 Fracc. 1 y 3, La Calderilla",La Caldera,der,LRMD05,3561424.78,7275465.52,"sin declarar; rótulos opuestos en cada margen (izq.: Y este, X norte; der.: X este, Y norte)",100042593,"19.347 y 19.348, 22 y 23/07/2014",,19/09/2026
182/14,34-160.829/13,"2882 Fracc. 1 y 3, La Calderilla",La Caldera,der,LRMD06,3561402.72,7275509.52,"sin declarar; rótulos opuestos en cada margen (izq.: Y este, X norte; der.: X este, Y norte)",100042593,"19.347 y 19.348, 22 y 23/07/2014",,19/09/2026
209/14,34-61.721/14,1905 y 3740,Vaqueros,izq,Lri1,3558147.74,7267681.77,Gauss-Krüger (declarado),400005047,"19.356 y 19.357, 04 y 05/08/2014",,19/09/2026
209/14,34-61.721/14,1905 y 3740,Vaqueros,izq,Lri2,3558232.6,7267675.26,Gauss-Krüger (declarado),400005047,"19.356 y 19.357, 04 y 05/08/2014",,19/09/2026
209/14,34-61.721/14,1905 y 3740,Vaqueros,izq,Lri3,3558328.92,7267653.01,Gauss-Krüger (declarado),400005047,"19.356 y 19.357, 04 y 05/08/2014",,19/09/2026
209/14,34-61.721/14,1905 y 3740,Vaqueros,izq,Lri4,3558448.38,7267654.35,Gauss-Krüger (declarado),400005047,"19.356 y 19.357, 04 y 05/08/2014",,19/09/2026
209/14,34-61.721/14,1905 y 3740,Vaqueros,izq,Lri5,3558526.86,7267666.95,Gauss-Krüger (declarado),400005047,"19.356 y 19.357, 04 y 05/08/2014",,19/09/2026
209/14,34-61.721/14,1905 y 3740,Vaqueros,izq,Lri6,3558604.41,7267662.0,Gauss-Krüger (declarado),400005047,"19.356 y 19.357, 04 y 05/08/2014",,19/09/2026
209/14,34-61.721/14,1905 y 3740,Vaqueros,izq,Lri7,3558693.77,7267655.78,Gauss-Krüger (declarado),400005047,"19.356 y 19.357, 04 y 05/08/2014",,19/09/2026
209/14,34-61.721/14,1905 y 3740,Vaqueros,izq,Lri8,3558775.05,7267667.13,Gauss-Krüger (declarado),400005047,"19.356 y 19.357, 04 y 05/08/2014",,19/09/2026
209/14,34-61.721/14,1905 y 3740,Vaqueros,der,LRd9,3558135.09,7267479.36,Gauss-Krüger (declarado),400005047,"19.356 y 19.357, 04 y 05/08/2014",,19/09/2026
209/14,34-61.721/14,1905 y 3740,Vaqueros,der,LRd10,3558310.39,7267459.23,Gauss-Krüger (declarado),400005047,"19.356 y 19.357, 04 y 05/08/2014",,19/09/2026
209/14,34-61.721/14,1905 y 3740,Vaqueros,der,LRd11,3558492.53,7267458.47,Gauss-Krüger (declarado),400005047,"19.356 y 19.357, 04 y 05/08/2014",,19/09/2026
209/14,34-61.721/14,1905 y 3740,Vaqueros,der,LRd12,3558573.69,7267422.9,Gauss-Krüger (declarado),400005047,"19.356 y 19.357, 04 y 05/08/2014",,19/09/2026
209/14,34-61.721/14,1905 y 3740,Vaqueros,der,LRd13,3558686.66,7267436.72,Gauss-Krüger (declarado),400005047,"19.356 y 19.357, 04 y 05/08/2014",,19/09/2026
209/14,34-61.721/14,1905 y 3740,Vaqueros,der,LRd14,3558825.7,7267481.37,Gauss-Krüger (declarado),400005047,"19.356 y 19.357, 04 y 05/08/2014",,19/09/2026
293/15,34-259.760/14,"3721 y 3722, Finca Wierna",La Caldera,izq,P2,3561833.59,7275623.75,sin declarar; el edicto rotula X la coordenada norte y Y la este,400007168,"19.666 y 19.667, 18 y 19/11/2015",,19/09/2026
293/15,34-259.760/14,"3721 y 3722, Finca Wierna",La Caldera,izq,P3,3561865.45,7275298.97,sin declarar; el edicto rotula X la coordenada norte y Y la este,400007168,"19.666 y 19.667, 18 y 19/11/2015",,19/09/2026
293/15,34-259.760/14,"3721 y 3722, Finca Wierna",La Caldera,izq,P4,3561850.66,7275081.24,sin declarar; el edicto rotula X la coordenada norte y Y la este,400007168,"19.666 y 19.667, 18 y 19/11/2015",,19/09/2026
293/15,34-259.760/14,"3721 y 3722, Finca Wierna",La Caldera,izq,P5,3561888.59,7274850.35,sin declarar; el edicto rotula X la coordenada norte y Y la este,400007168,"19.666 y 19.667, 18 y 19/11/2015",,19/09/2026
293/15,34-259.760/14,"3721 y 3722, Finca Wierna",La Caldera,izq,P6,3561914.89,7274590.71,sin declarar; el edicto rotula X la coordenada norte y Y la este,400007168,"19.666 y 19.667, 18 y 19/11/2015",,19/09/2026
293/15,34-259.760/14,"3721 y 3722, Finca Wierna",La Caldera,izq,P7,3562012.37,7274429.53,sin declarar; el edicto rotula X la coordenada norte y Y la este,400007168,"19.666 y 19.667, 18 y 19/11/2015",,19/09/2026
293/15,34-259.760/14,"3721 y 3722, Finca Wierna",La Caldera,izq,P8,3562075.69,7274216.08,sin declarar; el edicto rotula X la coordenada norte y Y la este,400007168,"19.666 y 19.667, 18 y 19/11/2015",,19/09/2026
293/15,34-259.760/14,"3721 y 3722, Finca Wierna",La Caldera,izq,P9,3562078.44,7274067.99,sin declarar; el edicto rotula X la coordenada norte y Y la este,400007168,"19.666 y 19.667, 18 y 19/11/2015",,19/09/2026
293/15,34-259.760/14,"3721 y 3722, Finca Wierna",La Caldera,izq,P10,3562053.1,7273916.51,sin declarar; el edicto rotula X la coordenada norte y Y la este,400007168,"19.666 y 19.667, 18 y 19/11/2015",,19/09/2026
293/15,34-259.760/14,"3721 y 3722, Finca Wierna",La Caldera,izq,P11,3562058.62,7273806.36,sin declarar; el edicto rotula X la coordenada norte y Y la este,400007168,"19.666 y 19.667, 18 y 19/11/2015",,19/09/2026
293/15,34-259.760/14,"3721 y 3722, Finca Wierna",La Caldera,der,P12,3561411.66,7275859.08,sin declarar; el edicto rotula X la coordenada norte y Y la este,400007168,"19.666 y 19.667, 18 y 19/11/2015",,19/09/2026
293/15,34-259.760/14,"3721 y 3722, Finca Wierna",La Caldera,der,P13,3561432.38,7275618.57,sin declarar; el edicto rotula X la coordenada norte y Y la este,400007168,"19.666 y 19.667, 18 y 19/11/2015",,19/09/2026
293/15,34-259.760/14,"3721 y 3722, Finca Wierna",La Caldera,der,P14,3561446.31,7275479.23,sin declarar; el edicto rotula X la coordenada norte y Y la este,400007168,"19.666 y 19.667, 18 y 19/11/2015",,19/09/2026
293/15,34-259.760/14,"3721 y 3722, Finca Wierna",La Caldera,der,P15,3561471.13,7275197.61,sin declarar; el edicto rotula X la coordenada norte y Y la este,400007168,"19.666 y 19.667, 18 y 19/11/2015",,19/09/2026
293/15,34-259.760/14,"3721 y 3722, Finca Wierna",La Caldera,der,P16,3561542.46,7274938.98,sin declarar; el edicto rotula X la coordenada norte y Y la este,400007168,"19.666 y 19.667, 18 y 19/11/2015",,19/09/2026
293/15,34-259.760/14,"3721 y 3722, Finca Wierna",La Caldera,der,P17,3561602.69,7274739.62,sin declarar; el edicto rotula X la coordenada norte y Y la este,400007168,"19.666 y 19.667, 18 y 19/11/2015",,19/09/2026
293/15,34-259.760/14,"3721 y 3722, Finca Wierna",La Caldera,der,P18,3561605.21,7274517.5,sin declarar; el edicto rotula X la coordenada norte y Y la este,400007168,"19.666 y 19.667, 18 y 19/11/2015",,19/09/2026
293/15,34-259.760/14,"3721 y 3722, Finca Wierna",La Caldera,der,P19,3561627.49,7274302.96,sin declarar; el edicto rotula X la coordenada norte y Y la este,400007168,"19.666 y 19.667, 18 y 19/11/2015",,19/09/2026
293/15,34-259.760/14,"3721 y 3722, Finca Wierna",La Caldera,der,P20,3561624.25,7274109.98,sin declarar; el edicto rotula X la coordenada norte y Y la este,400007168,"19.666 y 19.667, 18 y 19/11/2015",,19/09/2026
293/15,34-259.760/14,"3721 y 3722, Finca Wierna",La Caldera,der,P21,3561616.32,7273886.1,sin declarar; el edicto rotula X la coordenada norte y Y la este,400007168,"19.666 y 19.667, 18 y 19/11/2015",,19/09/2026
293/15,34-259.760/14,"3721 y 3722, Finca Wierna",La Caldera,der,P22,3561596.0,7273689.5,sin declarar; el edicto rotula X la coordenada norte y Y la este,400007168,"19.666 y 19.667, 18 y 19/11/2015",,19/09/2026
293/15,34-259.760/14,"3721 y 3722, Finca Wierna",Cañada Oeste,der,LR_D1,3557928.13,7275006.68,sin declarar; el edicto rotula X la coordenada norte y Y la este,400007168,"19.666 y 19.667, 18 y 19/11/2015",,19/09/2026
293/15,34-259.760/14,"3721 y 3722, Finca Wierna",Cañada Oeste,der,LR_D2,3557939.74,7275092.79,sin declarar; el edicto rotula X la coordenada norte y Y la este,400007168,"19.666 y 19.667, 18 y 19/11/2015",,19/09/2026
293/15,34-259.760/14,"3721 y 3722, Finca Wierna",Cañada Oeste,der,LR_D3,3557752.23,7275315.12,sin declarar; el edicto rotula X la coordenada norte y Y la este,400007168,"19.666 y 19.667, 18 y 19/11/2015",,19/09/2026
293/15,34-259.760/14,"3721 y 3722, Finca Wierna",Cañada Oeste,der,LR_D4,3557680.06,7275543.12,sin declarar; el edicto rotula X la coordenada norte y Y la este,400007168,"19.666 y 19.667, 18 y 19/11/2015",,19/09/2026
293/15,34-259.760/14,"3721 y 3722, Finca Wierna",Cañada Oeste,der,LR_D5,3557683.78,7275761.57,sin declarar; el edicto rotula X la coordenada norte y Y la este,400007168,"19.666 y 19.667, 18 y 19/11/2015",,19/09/2026
293/15,34-259.760/14,"3721 y 3722, Finca Wierna",Cañada Oeste,der,LR_D6,3557768.99,7275964.3,sin declarar; el edicto rotula X la coordenada norte y Y la este,400007168,"19.666 y 19.667, 18 y 19/11/2015",,19/09/2026
293/15,34-259.760/14,"3721 y 3722, Finca Wierna",Cañada Oeste,der,LR_D7,3557732.91,7276081.38,sin declarar; el edicto rotula X la coordenada norte y Y la este,400007168,"19.666 y 19.667, 18 y 19/11/2015",,19/09/2026
293/15,34-259.760/14,"3721 y 3722, Finca Wierna",Cañada Oeste,izq,LR_I1,3557780.78,7276093.49,sin declarar; el edicto rotula X la coordenada norte y Y la este,400007168,"19.666 y 19.667, 18 y 19/11/2015",,19/09/2026
293/15,34-259.760/14,"3721 y 3722, Finca Wierna",Cañada Oeste,izq,LR_I2,3557814.12,7275994.89,sin declarar; el edicto rotula X la coordenada norte y Y la este,400007168,"19.666 y 19.667, 18 y 19/11/2015",,19/09/2026
293/15,34-259.760/14,"3721 y 3722, Finca Wierna",Cañada Oeste,izq,LR_I3,3557788.26,7275862.68,sin declarar; el edicto rotula X la coordenada norte y Y la este,400007168,"19.666 y 19.667, 18 y 19/11/2015",,19/09/2026
293/15,34-259.760/14,"3721 y 3722, Finca Wierna",Cañada Oeste,izq,LR_I4,3557728.42,7275675.23,sin declarar; el edicto rotula X la coordenada norte y Y la este,400007168,"19.666 y 19.667, 18 y 19/11/2015",,19/09/2026
293/15,34-259.760/14,"3721 y 3722, Finca Wierna",Cañada Oeste,izq,LR_I5,3557733.54,7275555.2,sin declarar; el edicto rotula X la coordenada norte y Y la este,400007168,"19.666 y 19.667, 18 y 19/11/2015",,19/09/2026
293/15,34-259.760/14,"3721 y 3722, Finca Wierna",Cañada Oeste,izq,LR_I6,3557786.29,7275388.83,sin declarar; el edicto rotula X la coordenada norte y Y la este,400007168,"19.666 y 19.667, 18 y 19/11/2015",,19/09/2026
293/15,34-259.760/14,"3721 y 3722, Finca Wierna",Cañada Oeste,izq,LR_I7,3557990.56,7275141.81,sin declarar; el edicto rotula X la coordenada norte y Y la este,400007168,"19.666 y 19.667, 18 y 19/11/2015",,19/09/2026
293/15,34-259.760/14,"3721 y 3722, Finca Wierna",Cañada Oeste,izq,LR_I8,3557978.59,7274969.55,sin declarar; el edicto rotula X la coordenada norte y Y la este,400007168,"19.666 y 19.667, 18 y 19/11/2015",,19/09/2026
322/15,34-145.043/15 (el edicto dice /14),"156, 23, 1695 y 406",Vaqueros,der,LRmd03,3560745.54,7267759.35,"Gauss-Krüger (declarado; columnas rotuladas Y, X a la manera geodésica)",100051198,"19.675 y 19.676, 02 y 03/12/2015",,19/09/2026
322/15,34-145.043/15 (el edicto dice /14),"156, 23, 1695 y 406",Vaqueros,der,LRmd04,3560566.55,7267776.09,"Gauss-Krüger (declarado; columnas rotuladas Y, X a la manera geodésica)",100051198,"19.675 y 19.676, 02 y 03/12/2015",,19/09/2026
322/15,34-145.043/15 (el edicto dice /14),"156, 23, 1695 y 406",Vaqueros,der,LRmd05,3560545.92,7267766.36,"Gauss-Krüger (declarado; columnas rotuladas Y, X a la manera geodésica)",100051198,"19.675 y 19.676, 02 y 03/12/2015",,19/09/2026
322/15,34-145.043/15 (el edicto dice /14),"156, 23, 1695 y 406",Vaqueros,der,LRmd06,3560357.69,7267792.65,"Gauss-Krüger (declarado; columnas rotuladas Y, X a la manera geodésica)",100051198,"19.675 y 19.676, 02 y 03/12/2015",,19/09/2026
322/15,34-145.043/15 (el edicto dice /14),"156, 23, 1695 y 406",Vaqueros,izq,LRmi01,3560356.75,7267955.57,"Gauss-Krüger (declarado; columnas rotuladas Y, X a la manera geodésica)",100051198,"19.675 y 19.676, 02 y 03/12/2015",,19/09/2026
322/15,34-145.043/15 (el edicto dice /14),"156, 23, 1695 y 406",Vaqueros,izq,LRmi02,3560770.71,7267931.7,"Gauss-Krüger (declarado; columnas rotuladas Y, X a la manera geodésica)",100051198,"19.675 y 19.676, 02 y 03/12/2015",,19/09/2026
414/16,34-202.169/15,40,Vaqueros,der,LRMD1,3560383.39,7267794.69,sin declarar; el edicto rotula X la coordenada norte y Y la este,100057811,"19.931 y 19.932, 29/12/2016 y 02/01/2017",,19/09/2026
414/16,34-202.169/15,40,Vaqueros,der,LRMD2,3560425.67,7267791.11,sin declarar; el edicto rotula X la coordenada norte y Y la este,100057811,"19.931 y 19.932, 29/12/2016 y 02/01/2017",,19/09/2026
414/16,34-202.169/15,40,Vaqueros,der,LRMD3,3560472.17,7267782.91,sin declarar; el edicto rotula X la coordenada norte y Y la este,100057811,"19.931 y 19.932, 29/12/2016 y 02/01/2017",,19/09/2026
414/16,34-202.169/15,40,Vaqueros,izq,LRMI4,3560389.64,7267937.74,sin declarar; el edicto rotula X la coordenada norte y Y la este,100057811,"19.931 y 19.932, 29/12/2016 y 02/01/2017",,19/09/2026
414/16,34-202.169/15,40,Vaqueros,izq,LRMI5,3560415.76,7267933.63,sin declarar; el edicto rotula X la coordenada norte y Y la este,100057811,"19.931 y 19.932, 29/12/2016 y 02/01/2017",,19/09/2026
414/16,34-202.169/15,40,Vaqueros,izq,LRMI6,3560445.77,7267919.04,sin declarar; el edicto rotula X la coordenada norte y Y la este,100057811,"19.931 y 19.932, 29/12/2016 y 02/01/2017",,19/09/2026
414/16,34-202.169/15,40,Vaqueros,izq,LRMI7,3560486.82,7267921.32,sin declarar; el edicto rotula X la coordenada norte y Y la este,100057811,"19.931 y 19.932, 29/12/2016 y 02/01/2017",,19/09/2026
154/16,34-259.760/14,"3722, Finca Wierna",Wierna,izq,P1,3556886.0,7275412.0,"sin declarar; X norte, Y este; valores redondeados al metro",400010474,"20.136 y 20.137, 02 y 03/11/2017",,19/09/2026
154/16,34-259.760/14,"3722, Finca Wierna",Wierna,izq,P2,3557465.0,7275258.0,"sin declarar; X norte, Y este; valores redondeados al metro",400010474,"20.136 y 20.137, 02 y 03/11/2017",,19/09/2026
154/16,34-259.760/14,"3722, Finca Wierna",Wierna,izq,P3,3558083.0,7274827.0,"sin declarar; X norte, Y este; valores redondeados al metro",400010474,"20.136 y 20.137, 02 y 03/11/2017",,19/09/2026
154/16,34-259.760/14,"3722, Finca Wierna",Wierna,izq,P4,3558461.0,7274497.0,"sin declarar; X norte, Y este; valores redondeados al metro",400010474,"20.136 y 20.137, 02 y 03/11/2017",,19/09/2026
154/16,34-259.760/14,"3722, Finca Wierna",Wierna,izq,P5,3558767.0,7274142.0,"sin declarar; X norte, Y este; valores redondeados al metro",400010474,"20.136 y 20.137, 02 y 03/11/2017",,19/09/2026
154/16,34-259.760/14,"3722, Finca Wierna",Wierna,der,P12,3556547.0,7275032.0,"sin declarar; X norte, Y este; valores redondeados al metro",400010474,"20.136 y 20.137, 02 y 03/11/2017",,19/09/2026
154/16,34-259.760/14,"3722, Finca Wierna",Wierna,der,P13,3556961.0,7274844.0,"sin declarar; X norte, Y este; valores redondeados al metro",400010474,"20.136 y 20.137, 02 y 03/11/2017",,19/09/2026
154/16,34-259.760/14,"3722, Finca Wierna",Wierna,der,P14,3557496.0,7274665.0,"sin declarar; X norte, Y este; valores redondeados al metro",400010474,"20.136 y 20.137, 02 y 03/11/2017",,19/09/2026
154/16,34-259.760/14,"3722, Finca Wierna",Wierna,der,P15,3557732.0,7274567.0,"sin declarar; X norte, Y este; valores redondeados al metro",400010474,"20.136 y 20.137, 02 y 03/11/2017",,19/09/2026
154/16,34-259.760/14,"3722, Finca Wierna",Wierna,der,P16,3558174.0,7274223.0,"sin declarar; X norte, Y este; valores redondeados al metro",400010474,"20.136 y 20.137, 02 y 03/11/2017",,19/09/2026
023/14,34-96.837/13,sin matrícula: tramo del pueblo,La Caldera,der,01,3563556.76,7281220.85,"sin declarar; columnas rotuladas Y (norte), X (este)",100039394 (anexo),"19.250 y 19.251, 19 y 21/02/2014",,19/09/2026
023/14,34-96.837/13,sin matrícula: tramo del pueblo,La Caldera,der,02,3563510.55,7281084.8,"sin declarar; columnas rotuladas Y (norte), X (este)",100039394 (anexo),"19.250 y 19.251, 19 y 21/02/2014",,19/09/2026
023/14,34-96.837/13,sin matrícula: tramo del pueblo,La Caldera,der,03,3563509.3,7280998.44,"sin declarar; columnas rotuladas Y (norte), X (este)",100039394 (anexo),"19.250 y 19.251, 19 y 21/02/2014",,19/09/2026
023/14,34-96.837/13,sin matrícula: tramo del pueblo,La Caldera,der,04,3563528.4,7280923.96,"sin declarar; columnas rotuladas Y (norte), X (este)",100039394 (anexo),"19.250 y 19.251, 19 y 21/02/2014",,19/09/2026
023/14,34-96.837/13,sin matrícula: tramo del pueblo,La Caldera,der,05,3563520.39,7280893.79,"sin declarar; columnas rotuladas Y (norte), X (este)",100039394 (anexo),"19.250 y 19.251, 19 y 21/02/2014",,19/09/2026
023/14,34-96.837/13,sin matrícula: tramo del pueblo,La Caldera,der,06,3563536.4,7280805.45,"sin declarar; columnas rotuladas Y (norte), X (este)",100039394 (anexo),"19.250 y 19.251, 19 y 21/02/2014",,19/09/2026
023/14,34-96.837/13,sin matrícula: tramo del pueblo,La Caldera,der,07,3563588.79,7280690.77,"sin declarar; columnas rotuladas Y (norte), X (este)",100039394 (anexo),"19.250 y 19.251, 19 y 21/02/2014",,19/09/2026
023/14,34-96.837/13,sin matrícula: tramo del pueblo,La Caldera,der,08,3563560.26,7280598.3,"sin declarar; columnas rotuladas Y (norte), X (este)",100039394 (anexo),"19.250 y 19.251, 19 y 21/02/2014",,19/09/2026
023/14,34-96.837/13,sin matrícula: tramo del pueblo,La Caldera,der,09,3563469.44,7280583.19,"sin declarar; columnas rotuladas Y (norte), X (este)",100039394 (anexo),"19.250 y 19.251, 19 y 21/02/2014",,19/09/2026
023/14,34-96.837/13,sin matrícula: tramo del pueblo,La Caldera,der,10,3563434.88,7280621.77,"sin declarar; columnas rotuladas Y (norte), X (este)",100039394 (anexo),"19.250 y 19.251, 19 y 21/02/2014",,19/09/2026
023/14,34-96.837/13,sin matrícula: tramo del pueblo,La Caldera,der,11,3563336.26,7280550.93,"sin declarar; columnas rotuladas Y (norte), X (este)",100039394 (anexo),"19.250 y 19.251, 19 y 21/02/2014",,19/09/2026
023/14,34-96.837/13,sin matrícula: tramo del pueblo,La Caldera,der,12,3563362.26,7280509.12,"sin declarar; columnas rotuladas Y (norte), X (este)",100039394 (anexo),"19.250 y 19.251, 19 y 21/02/2014",,19/09/2026
023/14,34-96.837/13,sin matrícula: tramo del pueblo,La Caldera,der,13,3563322.77,7280395.3,"sin declarar; columnas rotuladas Y (norte), X (este)",100039394 (anexo),"19.250 y 19.251, 19 y 21/02/2014",,19/09/2026
023/14,34-96.837/13,sin matrícula: tramo del pueblo,La Caldera,der,14,3563306.42,7280378.55,"sin declarar; columnas rotuladas Y (norte), X (este)",100039394 (anexo),"19.250 y 19.251, 19 y 21/02/2014",,19/09/2026
023/14,34-96.837/13,sin matrícula: tramo del pueblo,La Caldera,der,15,3563256.91,7280304.67,"sin declarar; columnas rotuladas Y (norte), X (este)",100039394 (anexo),"19.250 y 19.251, 19 y 21/02/2014",,19/09/2026
023/14,34-96.837/13,sin matrícula: tramo del pueblo,La Caldera,der,16,3563261.8,7280181.14,"sin declarar; columnas rotuladas Y (norte), X (este)",100039394 (anexo),"19.250 y 19.251, 19 y 21/02/2014",,19/09/2026
023/14,34-96.837/13,sin matrícula: tramo del pueblo,La Caldera,der,17,3563252.08,7280163.87,"sin declarar; columnas rotuladas Y (norte), X (este)",100039394 (anexo),"19.250 y 19.251, 19 y 21/02/2014",,19/09/2026
023/14,34-96.837/13,sin matrícula: tramo del pueblo,La Caldera,der,18,3563257.33,7280116.48,"sin declarar; columnas rotuladas Y (norte), X (este)",100039394 (anexo),"19.250 y 19.251, 19 y 21/02/2014",,19/09/2026
023/14,34-96.837/13,sin matrícula: tramo del pueblo,La Caldera,der,19,3563231.88,7280085.23,"sin declarar; columnas rotuladas Y (norte), X (este)",100039394 (anexo),"19.250 y 19.251, 19 y 21/02/2014",,19/09/2026
023/14,34-96.837/13,sin matrícula: tramo del pueblo,La Caldera,der,20,3563229.41,7280051.89,"sin declarar; columnas rotuladas Y (norte), X (este)",100039394 (anexo),"19.250 y 19.251, 19 y 21/02/2014",,19/09/2026
023/14,34-96.837/13,sin matrícula: tramo del pueblo,La Caldera,der,21,3563231.3,7280028.66,"sin declarar; columnas rotuladas Y (norte), X (este)",100039394 (anexo),"19.250 y 19.251, 19 y 21/02/2014",,19/09/2026
023/14,34-96.837/13,sin matrícula: tramo del pueblo,La Caldera,der,22,3563236.27,7280012.86,"sin declarar; columnas rotuladas Y (norte), X (este)",100039394 (anexo),"19.250 y 19.251, 19 y 21/02/2014",,19/09/2026
023/14,34-96.837/13,sin matrícula: tramo del pueblo,La Caldera,der,23,3563227.83,7279997.58,"sin declarar; columnas rotuladas Y (norte), X (este)",100039394 (anexo),"19.250 y 19.251, 19 y 21/02/2014",,19/09/2026
023/14,34-96.837/13,sin matrícula: tramo del pueblo,La Caldera,der,24,3563216.57,7279990.83,"sin declarar; columnas rotuladas Y (norte), X (este)",100039394 (anexo),"19.250 y 19.251, 19 y 21/02/2014",,19/09/2026
023/14,34-96.837/13,sin matrícula: tramo del pueblo,La Caldera,der,25,3563196.32,7279984.08,"sin declarar; columnas rotuladas Y (norte), X (este)",100039394 (anexo),"19.250 y 19.251, 19 y 21/02/2014",,19/09/2026
023/14,34-96.837/13,sin matrícula: tramo del pueblo,La Caldera,der,26,3563181.9,7279972.82,"sin declarar; columnas rotuladas Y (norte), X (este)",100039394 (anexo),"19.250 y 19.251, 19 y 21/02/2014",,19/09/2026
023/14,34-96.837/13,sin matrícula: tramo del pueblo,La Caldera,der,27,3563171.56,7279948.01,"sin declarar; columnas rotuladas Y (norte), X (este)",100039394 (anexo),"19.250 y 19.251, 19 y 21/02/2014",,19/09/2026
023/14,34-96.837/13,sin matrícula: tramo del pueblo,La Caldera,der,28,3563132.71,7279909.8,"sin declarar; columnas rotuladas Y (norte), X (este)",100039394 (anexo),"19.250 y 19.251, 19 y 21/02/2014",,19/09/2026
023/14,34-96.837/13,sin matrícula: tramo del pueblo,La Caldera,der,29,3563093.07,7279846.38,"sin declarar; columnas rotuladas Y (norte), X (este)",100039394 (anexo),"19.250 y 19.251, 19 y 21/02/2014",,19/09/2026
023/14,34-96.837/13,sin matrícula: tramo del pueblo,La Caldera,der,30,3563099.91,7279803.36,"sin declarar; columnas rotuladas Y (norte), X (este)",100039394 (anexo),"19.250 y 19.251, 19 y 21/02/2014",,19/09/2026
023/14,34-96.837/13,sin matrícula: tramo del pueblo,La Caldera,der,31,3563079.67,7279725.97,"sin declarar; columnas rotuladas Y (norte), X (este)",100039394 (anexo),"19.250 y 19.251, 19 y 21/02/2014",,19/09/2026
023/14,34-96.837/13,sin matrícula: tramo del pueblo,La Caldera,der,32,3563046.31,7279690.29,"sin declarar; columnas rotuladas Y (norte), X (este)",100039394 (anexo),"19.250 y 19.251, 19 y 21/02/2014",,19/09/2026
023/14,34-96.837/13,sin matrícula: tramo del pueblo,La Caldera,der,33,3562944.19,7279527.29,"sin declarar; columnas rotuladas Y (norte), X (este)",100039394 (anexo),"19.250 y 19.251, 19 y 21/02/2014",,19/09/2026
023/14,34-96.837/13,sin matrícula: tramo del pueblo,La Caldera,der,34,3562890.41,7279465.86,"sin declarar; columnas rotuladas Y (norte), X (este)",100039394 (anexo),"19.250 y 19.251, 19 y 21/02/2014",,19/09/2026
023/14,34-96.837/13,sin matrícula: tramo del pueblo,La Caldera,der,35,3562860.64,7279395.1,"sin declarar; columnas rotuladas Y (norte), X (este)",100039394 (anexo),"19.250 y 19.251, 19 y 21/02/2014",,19/09/2026
023/14,34-96.837/13,sin matrícula: tramo del pueblo,La Caldera,der,36,3562812.23,7279276.66,"sin declarar; columnas rotuladas Y (norte), X (este)",100039394 (anexo),"19.250 y 19.251, 19 y 21/02/2014",,19/09/2026
023/14,34-96.837/13,sin matrícula: tramo del pueblo,La Caldera,der,37,3562801.37,7279230.51,"sin declarar; columnas rotuladas Y (norte), X (este)",100039394 (anexo),"19.250 y 19.251, 19 y 21/02/2014",,19/09/2026
023/14,34-96.837/13,sin matrícula: tramo del pueblo,La Caldera,der,38,3562762.95,7279161.62,"sin declarar; columnas rotuladas Y (norte), X (este)",100039394 (anexo),"19.250 y 19.251, 19 y 21/02/2014",,19/09/2026
023/14,34-96.837/13,sin matrícula: tramo del pueblo,La Caldera,der,39,3562737.51,7279130.22,"sin declarar; columnas rotuladas Y (norte), X (este)",100039394 (anexo),"19.250 y 19.251, 19 y 21/02/2014",,19/09/2026
023/14,34-96.837/13,sin matrícula: tramo del pueblo,La Caldera,der,40,3562704.54,7279068.37,"sin declarar; columnas rotuladas Y (norte), X (este)",100039394 (anexo),"19.250 y 19.251, 19 y 21/02/2014",,19/09/2026
023/14,34-96.837/13,sin matrícula: tramo del pueblo,La Caldera,der,41,3562675.0,7279034.36,"sin declarar; columnas rotuladas Y (norte), X (este)",100039394 (anexo),"19.250 y 19.251, 19 y 21/02/2014",,19/09/2026
023/14,34-96.837/13,sin matrícula: tramo del pueblo,La Caldera,der,42,3562599.52,7278911.75,"sin declarar; columnas rotuladas Y (norte), X (este)",100039394 (anexo),"19.250 y 19.251, 19 y 21/02/2014",,19/09/2026
023/14,34-96.837/13,sin matrícula: tramo del pueblo,La Caldera,der,43,3562552.73,7278834.39,"sin declarar; columnas rotuladas Y (norte), X (este)",100039394 (anexo),"19.250 y 19.251, 19 y 21/02/2014",,19/09/2026
023/14,34-96.837/13,sin matrícula: tramo del pueblo,La Caldera,der,44,3562472.96,7278738.98,"sin declarar; columnas rotuladas Y (norte), X (este)",100039394 (anexo),"19.250 y 19.251, 19 y 21/02/2014",,19/09/2026
023/14,34-96.837/13,sin matrícula: tramo del pueblo,La Caldera,der,45,3562439.56,7278696.46,"sin declarar; columnas rotuladas Y (norte), X (este)",100039394 (anexo),"19.250 y 19.251, 19 y 21/02/2014",,19/09/2026
023/14,34-96.837/13,sin matrícula: tramo del pueblo,La Caldera,der,46,3562401.78,7278660.85,"sin declarar; columnas rotuladas Y (norte), X (este)",100039394 (anexo),"19.250 y 19.251, 19 y 21/02/2014",,19/09/2026
023/14,34-96.837/13,sin matrícula: tramo del pueblo,La Caldera,der,47,3562375.05,7278622.72,"sin declarar; columnas rotuladas Y (norte), X (este)",100039394 (anexo),"19.250 y 19.251, 19 y 21/02/2014",,19/09/2026
023/14,34-96.837/13,sin matrícula: tramo del pueblo,La Caldera,der,48,3562356.15,7278582.48,"sin declarar; columnas rotuladas Y (norte), X (este)",100039394 (anexo),"19.250 y 19.251, 19 y 21/02/2014",,19/09/2026
023/14,34-96.837/13,sin matrícula: tramo del pueblo,La Caldera,der,49,3562329.35,7278541.21,"sin declarar; columnas rotuladas Y (norte), X (este)",100039394 (anexo),"19.250 y 19.251, 19 y 21/02/2014",,19/09/2026
023/14,34-96.837/13,sin matrícula: tramo del pueblo,La Caldera,der,50,3562293.47,7278495.65,"sin declarar; columnas rotuladas Y (norte), X (este)",100039394 (anexo),"19.250 y 19.251, 19 y 21/02/2014",,19/09/2026
023/14,34-96.837/13,sin matrícula: tramo del pueblo,La Caldera,der,51,3562257.63,7278442.18,"sin declarar; columnas rotuladas Y (norte), X (este)",100039394 (anexo),"19.250 y 19.251, 19 y 21/02/2014",,19/09/2026
023/14,34-96.837/13,sin matrícula: tramo del pueblo,La Caldera,der,52,3562224.14,7278399.1,"sin declarar; columnas rotuladas Y (norte), X (este)",100039394 (anexo),"19.250 y 19.251, 19 y 21/02/2014",,19/09/2026
023/14,34-96.837/13,sin matrícula: tramo del pueblo,La Caldera,der,53,3562186.7,7278353.88,"sin declarar; columnas rotuladas Y (norte), X (este)",100039394 (anexo),"19.250 y 19.251, 19 y 21/02/2014",,19/09/2026
023/14,34-96.837/13,sin matrícula: tramo del pueblo,La Caldera,der,54,3562151.43,7278301.19,"sin declarar; columnas rotuladas Y (norte), X (este)",100039394 (anexo),"19.250 y 19.251, 19 y 21/02/2014",,19/09/2026
023/14,34-96.837/13,sin matrícula: tramo del pueblo,La Caldera,der,55,3562119.02,7278263.79,"sin declarar; columnas rotuladas Y (norte), X (este)",100039394 (anexo),"19.250 y 19.251, 19 y 21/02/2014",,19/09/2026
023/14,34-96.837/13,sin matrícula: tramo del pueblo,La Caldera,der,56,3562087.85,7278229.16,"sin declarar; columnas rotuladas Y (norte), X (este)",100039394 (anexo),"19.250 y 19.251, 19 y 21/02/2014",,19/09/2026
023/14,34-96.837/13,sin matrícula: tramo del pueblo,La Caldera,der,57,3562054.52,7278188.43,"sin declarar; columnas rotuladas Y (norte), X (este)",100039394 (anexo),"19.250 y 19.251, 19 y 21/02/2014",,19/09/2026
023/14,34-96.837/13,sin matrícula: tramo del pueblo,La Caldera,der,58,3561987.82,7278157.7,"sin declarar; columnas rotuladas Y (norte), X (este)",100039394 (anexo),"19.250 y 19.251, 19 y 21/02/2014",,19/09/2026
023/14,34-96.837/13,sin matrícula: tramo del pueblo,La Caldera,izq,59,3562496.75,7277906.8,"sin declarar; columnas rotuladas Y (norte), X (este)",100039394 (anexo),"19.250 y 19.251, 19 y 21/02/2014",,19/09/2026
023/14,34-96.837/13,sin matrícula: tramo del pueblo,La Caldera,izq,60,3562568.84,7277976.62,"sin declarar; columnas rotuladas Y (norte), X (este)",100039394 (anexo),"19.250 y 19.251, 19 y 21/02/2014",,19/09/2026
023/14,34-96.837/13,sin matrícula: tramo del pueblo,La Caldera,izq,61,3562560.82,7277994.38,"sin declarar; columnas rotuladas Y (norte), X (este)",100039394 (anexo),"19.250 y 19.251, 19 y 21/02/2014",,19/09/2026
023/14,34-96.837/13,sin matrícula: tramo del pueblo,La Caldera,izq,62,3562552.9,7278034.29,"sin declarar; columnas rotuladas Y (norte), X (este)",100039394 (anexo),"19.250 y 19.251, 19 y 21/02/2014",,19/09/2026
023/14,34-96.837/13,sin matrícula: tramo del pueblo,La Caldera,izq,63,3562569.25,7278065.23,"sin declarar; columnas rotuladas Y (norte), X (este)",100039394 (anexo),"19.250 y 19.251, 19 y 21/02/2014",,19/09/2026
023/14,34-96.837/13,sin matrícula: tramo del pueblo,La Caldera,izq,64,3562569.32,7278082.95,"sin declarar; columnas rotuladas Y (norte), X (este)",100039394 (anexo),"19.250 y 19.251, 19 y 21/02/2014",,19/09/2026
023/14,34-96.837/13,sin matrícula: tramo del pueblo,La Caldera,izq,65,3562573.44,7278096.24,"sin declarar; columnas rotuladas Y (norte), X (este)",100039394 (anexo),"19.250 y 19.251, 19 y 21/02/2014",,19/09/2026
023/14,34-96.837/13,sin matrícula: tramo del pueblo,La Caldera,izq,66,3562577.59,7278118.37,"sin declarar; columnas rotuladas Y (norte), X (este)",100039394 (anexo),"19.250 y 19.251, 19 y 21/02/2014",,19/09/2026
023/14,34-96.837/13,sin matrícula: tramo del pueblo,La Caldera,izq,67,3562585.74,7278131.62,"sin declarar; columnas rotuladas Y (norte), X (este)",100039394 (anexo),"19.250 y 19.251, 19 y 21/02/2014",,19/09/2026
023/14,34-96.837/13,sin matrícula: tramo del pueblo,La Caldera,izq,68,3562610.1,7278144.81,"sin declarar; columnas rotuladas Y (norte), X (este)",100039394 (anexo),"19.250 y 19.251, 19 y 21/02/2014",,19/09/2026
023/14,34-96.837/13,sin matrícula: tramo del pueblo,La Caldera,izq,69,3562642.0,7278168.66,"sin declarar; columnas rotuladas Y (norte), X (este)",100039394 (anexo),"19.250 y 19.251, 19 y 21/02/2014",,19/09/2026
023/14,34-96.837/13,sin matrícula: tramo del pueblo,La Caldera,izq,70,3562660.77,7278246.21,"sin declarar; columnas rotuladas Y (norte), X (este)",100039394 (anexo),"19.250 y 19.251, 19 y 21/02/2014",,19/09/2026
023/14,34-96.837/13,sin matrícula: tramo del pueblo,La Caldera,izq,71,3562688.5,7278303.96,"sin declarar; columnas rotuladas Y (norte), X (este)",100039394 (anexo),"19.250 y 19.251, 19 y 21/02/2014",,19/09/2026
023/14,34-96.837/13,sin matrícula: tramo del pueblo,La Caldera,izq,72,3562722.32,7278375.16,"sin declarar; columnas rotuladas Y (norte), X (este)",100039394 (anexo),"19.250 y 19.251, 19 y 21/02/2014",,19/09/2026
023/14,34-96.837/13,sin matrícula: tramo del pueblo,La Caldera,izq,73,3562765.34,7278436.55,"sin declarar; columnas rotuladas Y (norte), X (este)",100039394 (anexo),"19.250 y 19.251, 19 y 21/02/2014",,19/09/2026
023/14,34-96.837/13,sin matrícula: tramo del pueblo,La Caldera,izq,74,3562692.12,7278558.37,"sin declarar; columnas rotuladas Y (norte), X (este)",100039394 (anexo),"19.250 y 19.251, 19 y 21/02/2014",,19/09/2026
023/14,34-96.837/13,sin matrícula: tramo del pueblo,La Caldera,izq,75,3562841.65,7278862.6,"sin declarar; columnas rotuladas Y (norte), X (este)",100039394 (anexo),"19.250 y 19.251, 19 y 21/02/2014",,19/09/2026
023/14,34-96.837/13,sin matrícula: tramo del pueblo,La Caldera,izq,76,3562889.09,7278909.97,"sin declarar; columnas rotuladas Y (norte), X (este)",100039394 (anexo),"19.250 y 19.251, 19 y 21/02/2014",,19/09/2026
023/14,34-96.837/13,sin matrícula: tramo del pueblo,La Caldera,izq,77,3562912.02,7278960.25,"sin declarar; columnas rotuladas Y (norte), X (este)",100039394 (anexo),"19.250 y 19.251, 19 y 21/02/2014",,19/09/2026
023/14,34-96.837/13,sin matrícula: tramo del pueblo,La Caldera,izq,78,3562925.44,7278976.93,"sin declarar; columnas rotuladas Y (norte), X (este)",100039394 (anexo),"19.250 y 19.251, 19 y 21/02/2014",,19/09/2026
023/14,34-96.837/13,sin matrícula: tramo del pueblo,La Caldera,izq,79,3562940.23,7279004.4,"sin declarar; columnas rotuladas Y (norte), X (este)",100039394 (anexo),"19.250 y 19.251, 19 y 21/02/2014",,19/09/2026
023/14,34-96.837/13,sin matrícula: tramo del pueblo,La Caldera,izq,80,3562976.55,7279050.9,"sin declarar; columnas rotuladas Y (norte), X (este)",100039394 (anexo),"19.250 y 19.251, 19 y 21/02/2014",,19/09/2026
023/14,34-96.837/13,sin matrícula: tramo del pueblo,La Caldera,izq,81,3563022.14,7279072.91,"sin declarar; columnas rotuladas Y (norte), X (este)",100039394 (anexo),"19.250 y 19.251, 19 y 21/02/2014",,19/09/2026
023/14,34-96.837/13,sin matrícula: tramo del pueblo,La Caldera,izq,82,3563068.37,7279165.35,"sin declarar; columnas rotuladas Y (norte), X (este)",100039394 (anexo),"19.250 y 19.251, 19 y 21/02/2014",,19/09/2026
023/14,34-96.837/13,sin matrícula: tramo del pueblo,La Caldera,izq,83,3563103.06,7279234.98,"sin declarar; columnas rotuladas Y (norte), X (este)",100039394 (anexo),"19.250 y 19.251, 19 y 21/02/2014",,19/09/2026
023/14,34-96.837/13,sin matrícula: tramo del pueblo,La Caldera,izq,84,3563128.97,7279289.35,"sin declarar; columnas rotuladas Y (norte), X (este)",100039394 (anexo),"19.250 y 19.251, 19 y 21/02/2014",,19/09/2026
023/14,34-96.837/13,sin matrícula: tramo del pueblo,La Caldera,izq,85,3563160.21,7279326.42,"sin declarar; columnas rotuladas Y (norte), X (este)",100039394 (anexo),"19.250 y 19.251, 19 y 21/02/2014",,19/09/2026
023/14,34-96.837/13,sin matrícula: tramo del pueblo,La Caldera,izq,86,3563175.92,7279350.43,"sin declarar; columnas rotuladas Y (norte), X (este)",100039394 (anexo),"19.250 y 19.251, 19 y 21/02/2014",,19/09/2026
023/14,34-96.837/13,sin matrícula: tramo del pueblo,La Caldera,izq,87,3563192.33,7279367.74,"sin declarar; columnas rotuladas Y (norte), X (este)",100039394 (anexo),"19.250 y 19.251, 19 y 21/02/2014",,19/09/2026
023/14,34-96.837/13,sin matrícula: tramo del pueblo,La Caldera,izq,88,3563236.3,7279387.93,"sin declarar; columnas rotuladas Y (norte), X (este)",100039394 (anexo),"19.250 y 19.251, 19 y 21/02/2014",,19/09/2026
023/14,34-96.837/13,sin matrícula: tramo del pueblo,La Caldera,izq,89,3563271.9,7279414.78,"sin declarar; columnas rotuladas Y (norte), X (este)",100039394 (anexo),"19.250 y 19.251, 19 y 21/02/2014",,19/09/2026
023/14,34-96.837/13,sin matrícula: tramo del pueblo,La Caldera,izq,90,3563306.33,7279453.78,"sin declarar; columnas rotuladas Y (norte), X (este)",100039394 (anexo),"19.250 y 19.251, 19 y 21/02/2014",,19/09/2026
023/14,34-96.837/13,sin matrícula: tramo del pueblo,La Caldera,izq,91,3563333.47,7279485.07,"sin declarar; columnas rotuladas Y (norte), X (este)",100039394 (anexo),"19.250 y 19.251, 19 y 21/02/2014",,19/09/2026
023/14,34-96.837/13,sin matrícula: tramo del pueblo,La Caldera,izq,92,3563349.89,7279514.52,"sin declarar; columnas rotuladas Y (norte), X (este)",100039394 (anexo),"19.250 y 19.251, 19 y 21/02/2014",,19/09/2026
023/14,34-96.837/13,sin matrícula: tramo del pueblo,La Caldera,izq,93,3563363.94,7279553.89,"sin declarar; columnas rotuladas Y (norte), X (este)",100039394 (anexo),"19.250 y 19.251, 19 y 21/02/2014",,19/09/2026
023/14,34-96.837/13,sin matrícula: tramo del pueblo,La Caldera,izq,94,3563368.13,7279608.99,"sin declarar; columnas rotuladas Y (norte), X (este)",100039394 (anexo),"19.250 y 19.251, 19 y 21/02/2014",,19/09/2026
023/14,34-96.837/13,sin matrícula: tramo del pueblo,La Caldera,izq,95,3563358.97,7279648.32,"sin declarar; columnas rotuladas Y (norte), X (este)",100039394 (anexo),"19.250 y 19.251, 19 y 21/02/2014",,19/09/2026
023/14,34-96.837/13,sin matrícula: tramo del pueblo,La Caldera,izq,96,3563345.24,7279683.09,"sin declarar; columnas rotuladas Y (norte), X (este)",100039394 (anexo),"19.250 y 19.251, 19 y 21/02/2014",,19/09/2026
023/14,34-96.837/13,sin matrícula: tramo del pueblo,La Caldera,izq,97,3563328.76,7279707.33,"sin declarar; columnas rotuladas Y (norte), X (este)",100039394 (anexo),"19.250 y 19.251, 19 y 21/02/2014",,19/09/2026
023/14,34-96.837/13,sin matrícula: tramo del pueblo,La Caldera,izq,98,3563319.14,7279742.55,"sin declarar; columnas rotuladas Y (norte), X (este)",100039394 (anexo),"19.250 y 19.251, 19 y 21/02/2014",,19/09/2026
023/14,34-96.837/13,sin matrícula: tramo del pueblo,La Caldera,izq,99,3563318.1,7279778.18,"sin declarar; columnas rotuladas Y (norte), X (este)",100039394 (anexo),"19.250 y 19.251, 19 y 21/02/2014",,19/09/2026
023/14,34-96.837/13,sin matrícula: tramo del pueblo,La Caldera,izq,100,3563333.81,7279835.72,"sin declarar; columnas rotuladas Y (norte), X (este)",100039394 (anexo),"19.250 y 19.251, 19 y 21/02/2014",,19/09/2026
023/14,34-96.837/13,sin matrícula: tramo del pueblo,La Caldera,izq,101,3563345.39,7279844.7,"sin declarar; columnas rotuladas Y (norte), X (este)",100039394 (anexo),"19.250 y 19.251, 19 y 21/02/2014",,19/09/2026
023/14,34-96.837/13,sin matrícula: tramo del pueblo,La Caldera,izq,102,3563353.98,7279868.76,"sin declarar; columnas rotuladas Y (norte), X (este)",100039394 (anexo),"19.250 y 19.251, 19 y 21/02/2014",,19/09/2026
023/14,34-96.837/13,sin matrícula: tramo del pueblo,La Caldera,izq,103,3563356.11,7279904.14,"sin declarar; columnas rotuladas Y (norte), X (este)",100039394 (anexo),"19.250 y 19.251, 19 y 21/02/2014",,19/09/2026
023/14,34-96.837/13,sin matrícula: tramo del pueblo,La Caldera,izq,104,3563356.11,7279930.0,"sin declarar; columnas rotuladas Y (norte), X (este)",100039394 (anexo),"19.250 y 19.251, 19 y 21/02/2014",,19/09/2026
023/14,34-96.837/13,sin matrícula: tramo del pueblo,La Caldera,izq,105,3563353.57,7279944.08,"sin declarar; columnas rotuladas Y (norte), X (este)",100039394 (anexo),"19.250 y 19.251, 19 y 21/02/2014",,19/09/2026
023/14,34-96.837/13,sin matrícula: tramo del pueblo,La Caldera,izq,106,3563342.9,7279970.13,"sin declarar; columnas rotuladas Y (norte), X (este)",100039394 (anexo),"19.250 y 19.251, 19 y 21/02/2014",,19/09/2026
023/14,34-96.837/13,sin matrícula: tramo del pueblo,La Caldera,izq,107,3563332.65,7279983.87,"sin declarar; columnas rotuladas Y (norte), X (este)",100039394 (anexo),"19.250 y 19.251, 19 y 21/02/2014",,19/09/2026
023/14,34-96.837/13,sin matrícula: tramo del pueblo,La Caldera,izq,108,3563385.23,7279997.78,"sin declarar; columnas rotuladas Y (norte), X (este)",100039394 (anexo),"19.250 y 19.251, 19 y 21/02/2014",,19/09/2026
023/14,34-96.837/13,sin matrícula: tramo del pueblo,La Caldera,izq,109,3563405.85,7280011.68,"sin declarar; columnas rotuladas Y (norte), X (este)",100039394 (anexo),"19.250 y 19.251, 19 y 21/02/2014",,19/09/2026
023/14,34-96.837/13,sin matrícula: tramo del pueblo,La Caldera,izq,110,3563458.42,7280057.51,"sin declarar; columnas rotuladas Y (norte), X (este)",100039394 (anexo),"19.250 y 19.251, 19 y 21/02/2014",,19/09/2026
023/14,34-96.837/13,sin matrícula: tramo del pueblo,La Caldera,izq,111,3563513.57,7280094.07,"sin declarar; columnas rotuladas Y (norte), X (este)",100039394 (anexo),"19.250 y 19.251, 19 y 21/02/2014",,19/09/2026
023/14,34-96.837/13,sin matrícula: tramo del pueblo,La Caldera,izq,112,3563524.4,7280109.01,"sin declarar; columnas rotuladas Y (norte), X (este)",100039394 (anexo),"19.250 y 19.251, 19 y 21/02/2014",,19/09/2026
023/14,34-96.837/13,sin matrícula: tramo del pueblo,La Caldera,izq,113,3563540.4,7280178.13,"sin declarar; columnas rotuladas Y (norte), X (este)",100039394 (anexo),"19.250 y 19.251, 19 y 21/02/2014",,19/09/2026
023/14,34-96.837/13,sin matrícula: tramo del pueblo,La Caldera,izq,114,3563548.65,7280233.75,"sin declarar; columnas rotuladas Y (norte), X (este)",100039394 (anexo),"19.250 y 19.251, 19 y 21/02/2014",,19/09/2026
023/14,34-96.837/13,sin matrícula: tramo del pueblo,La Caldera,izq,115,3563556.12,7280281.2,"sin declarar; columnas rotuladas Y (norte), X (este)",100039394 (anexo),"19.250 y 19.251, 19 y 21/02/2014",,19/09/2026
023/14,34-96.837/13,sin matrícula: tramo del pueblo,La Caldera,izq,116,3563553.36,7280325.69,"sin declarar; columnas rotuladas Y (norte), X (este)",100039394 (anexo),"19.250 y 19.251, 19 y 21/02/2014",,19/09/2026
023/14,34-96.837/13,sin matrícula: tramo del pueblo,La Caldera,izq,117,3563556.12,7280393.56,"sin declarar; columnas rotuladas Y (norte), X (este)",100039394 (anexo),"19.250 y 19.251, 19 y 21/02/2014",,19/09/2026
023/14,34-96.837/13,sin matrícula: tramo del pueblo,La Caldera,izq,118,3563571.81,7280439.68,"sin declarar; columnas rotuladas Y (norte), X (este)",100039394 (anexo),"19.250 y 19.251, 19 y 21/02/2014",,19/09/2026
023/14,34-96.837/13,sin matrícula: tramo del pueblo,La Caldera,izq,119,3563599.81,7280499.77,"sin declarar; columnas rotuladas Y (norte), X (este)",100039394 (anexo),"19.250 y 19.251, 19 y 21/02/2014",,19/09/2026
023/14,34-96.837/13,sin matrícula: tramo del pueblo,La Caldera,izq,120,3563656.32,7280586.66,"sin declarar; columnas rotuladas Y (norte), X (este)",100039394 (anexo),"19.250 y 19.251, 19 y 21/02/2014",,19/09/2026
023/14,34-96.837/13,sin matrícula: tramo del pueblo,La Caldera,izq,121,3563688.91,7280614.18,"sin declarar; columnas rotuladas Y (norte), X (este)",100039394 (anexo),"19.250 y 19.251, 19 y 21/02/2014",,19/09/2026
023/14,34-96.837/13,sin matrícula: tramo del pueblo,La Caldera,izq,122,3563737.96,7280643.19,"sin declarar; columnas rotuladas Y (norte), X (este)",100039394 (anexo),"19.250 y 19.251, 19 y 21/02/2014",,19/09/2026
023/14,34-96.837/13,sin matrícula: tramo del pueblo,La Caldera,izq,123,3563748.13,7280646.42,"sin declarar; columnas rotuladas Y (norte), X (este)",100039394 (anexo),"19.250 y 19.251, 19 y 21/02/2014",,19/09/2026
023/14,34-96.837/13,sin matrícula: tramo del pueblo,La Caldera,izq,124,3563775.4,7280654.96,"sin declarar; columnas rotuladas Y (norte), X (este)",100039394 (anexo),"19.250 y 19.251, 19 y 21/02/2014",,19/09/2026
023/14,34-96.837/13,sin matrícula: tramo del pueblo,La Caldera,izq,125,3563788.17,7280655.15,"sin declarar; columnas rotuladas Y (norte), X (este)",100039394 (anexo),"19.250 y 19.251, 19 y 21/02/2014",,19/09/2026
023/14,34-96.837/13,sin matrícula: tramo del pueblo,La Caldera,izq,126,3563823.98,7280659.28,"sin declarar; columnas rotuladas Y (norte), X (este)",100039394 (anexo),"19.250 y 19.251, 19 y 21/02/2014",,19/09/2026
023/14,34-96.837/13,sin matrícula: tramo del pueblo,La Caldera,izq,127,3563858.87,7280671.66,"sin declarar; columnas rotuladas Y (norte), X (este)",100039394 (anexo),"19.250 y 19.251, 19 y 21/02/2014",,19/09/2026
023/14,34-96.837/13,sin matrícula: tramo del pueblo,La Caldera,izq,128,3563903.13,7280699.03,"sin declarar; columnas rotuladas Y (norte), X (este)",100039394 (anexo),"19.250 y 19.251, 19 y 21/02/2014",,19/09/2026
023/14,34-96.837/13,sin matrícula: tramo del pueblo,La Caldera,izq,129,3563935.81,7280744.1,"sin declarar; columnas rotuladas Y (norte), X (este)",100039394 (anexo),"19.250 y 19.251, 19 y 21/02/2014",,19/09/2026
023/14,34-96.837/13,sin matrícula: tramo del pueblo,La Caldera,izq,130,3563957.44,7280794.67,"sin declarar; columnas rotuladas Y (norte), X (este)",100039394 (anexo),"19.250 y 19.251, 19 y 21/02/2014",,19/09/2026
023/14,34-96.837/13,sin matrícula: tramo del pueblo,La Caldera,izq,131,3563949.6,7280896.56,"sin declarar; columnas rotuladas Y (norte), X (este)",100039394 (anexo),"19.250 y 19.251, 19 y 21/02/2014",,19/09/2026
023/14,34-96.837/13,sin matrícula: tramo del pueblo,La Caldera,izq,132,3563960.06,7280931.41,"sin declarar; columnas rotuladas Y (norte), X (este)",100039394 (anexo),"19.250 y 19.251, 19 y 21/02/2014",,19/09/2026
023/14,34-96.837/13,sin matrícula: tramo del pueblo,La Caldera,izq,133,3564001.25,7280978.43,"sin declarar; columnas rotuladas Y (norte), X (este)",100039394 (anexo),"19.250 y 19.251, 19 y 21/02/2014",,19/09/2026
023/14,34-96.837/13,sin matrícula: tramo del pueblo,La Caldera,izq,134,3564050.93,7281045.7,"sin declarar; columnas rotuladas Y (norte), X (este)",100039394 (anexo),"19.250 y 19.251, 19 y 21/02/2014",,19/09/2026
205/17,34-229.971/16,"2345, secc. A, manz. 148, parc. 32",Chaile o Teodolinda,izq,LRmi01,3559161.5261,7269739.2353,"Gauss-Krüger (declarado; columnas rotuladas Y, X a la manera geodésica)",400011223,"20.249 y 20.250, 25 y 26/04/2018",,19/09/2026
205/17,34-229.971/16,"2345, secc. A, manz. 148, parc. 32",Chaile o Teodolinda,izq,LRmi02,3559174.2416,7269728.7926,"Gauss-Krüger (declarado; columnas rotuladas Y, X a la manera geodésica)",400011223,"20.249 y 20.250, 25 y 26/04/2018",,19/09/2026
205/17,34-229.971/16,"2345, secc. A, manz. 148, parc. 32",Chaile o Teodolinda,der,LRmd09,3559170.0452,7269718.423,"Gauss-Krüger (declarado; columnas rotuladas Y, X a la manera geodésica)",400011223,"20.249 y 20.250, 25 y 26/04/2018",,19/09/2026
211/17,34-229.967/16,"2344, secc. A, manz. 148, parc. 31",Chaile o Teodolinda,izq,LRmi01,3559174.2416,7269728.7926,"Gauss-Krüger (declarado; columnas rotuladas Y, X a la manera geodésica)",400011222,"20.249 y 20.250, 25 y 26/04/2018",,19/09/2026
211/17,34-229.967/16,"2344, secc. A, manz. 148, parc. 31",Chaile o Teodolinda,izq,LRmi02,3559186.0319,7269719.3529,"Gauss-Krüger (declarado; columnas rotuladas Y, X a la manera geodésica)",400011222,"20.249 y 20.250, 25 y 26/04/2018",,19/09/2026
211/17,34-229.967/16,"2344, secc. A, manz. 148, parc. 31",Chaile o Teodolinda,der,LRmd09,3559181.5913,7269709.75,"Gauss-Krüger (declarado; columnas rotuladas Y, X a la manera geodésica)",400011222,"20.249 y 20.250, 25 y 26/04/2018",,19/09/2026
211/17,34-229.967/16,"2344, secc. A, manz. 148, parc. 31",Chaile o Teodolinda,der,LRmd10,3559170.0452,7269718.423,"Gauss-Krüger (declarado; columnas rotuladas Y, X a la manera geodésica)",400011222,"20.249 y 20.250, 25 y 26/04/2018",,19/09/2026
210/17,34-257.289/16,"2343, secc. A, manz. 148, parc. 30",Chaile o Teodolinda,izq,LRmi03,3559186.0319,7269719.3529,"Gauss-Krüger (declarado; columnas rotuladas Y, X a la manera geodésica)",400011254,"20.253 y 20.254, 03 y 04/05/2018",,19/09/2026
210/17,34-257.289/16,"2343, secc. A, manz. 148, parc. 30",Chaile o Teodolinda,izq,LRmi04,3559199.133,7269711.1603,"Gauss-Krüger (declarado; columnas rotuladas Y, X a la manera geodésica)",400011254,"20.253 y 20.254, 03 y 04/05/2018",,19/09/2026
210/17,34-257.289/16,"2343, secc. A, manz. 148, parc. 30",Chaile o Teodolinda,der,LRmd07,3559194.9331,7269700.3558,"Gauss-Krüger (declarado; columnas rotuladas Y, X a la manera geodésica)",400011254,"20.253 y 20.254, 03 y 04/05/2018",,19/09/2026
210/17,34-257.289/16,"2343, secc. A, manz. 148, parc. 30",Chaile o Teodolinda,der,LRmd08,3559181.5913,7269709.76,"Gauss-Krüger (declarado; columnas rotuladas Y, X a la manera geodésica)",400011254,"20.253 y 20.254, 03 y 04/05/2018",,19/09/2026
212/17,34-257.277/16,"2342, secc. A, manz. 148, parc. 29",Chaile o Teodolinda,izq,LRmi04,3559199.133,7269711.1603,"Gauss-Krüger (declarado; columnas rotuladas Y, X a la manera geodésica)",400011255,"20.253 y 20.254, 03 y 04/05/2018",,19/09/2026
212/17,34-257.277/16,"2342, secc. A, manz. 148, parc. 29",Chaile o Teodolinda,izq,LRmi05,3559212.6844,7269703.4615,"Gauss-Krüger (declarado; columnas rotuladas Y, X a la manera geodésica)",400011255,"20.253 y 20.254, 03 y 04/05/2018",,19/09/2026
212/17,34-257.277/16,"2342, secc. A, manz. 148, parc. 29",Chaile o Teodolinda,der,LRmd06,3559208.5063,7269691.8766,"Gauss-Krüger (declarado; columnas rotuladas Y, X a la manera geodésica)",400011255,"20.253 y 20.254, 03 y 04/05/2018",,19/09/2026
212/17,34-257.277/16,"2342, secc. A, manz. 148, parc. 29",Chaile o Teodolinda,der,LRmd07,3559194.9331,7269700.3558,"Gauss-Krüger (declarado; columnas rotuladas Y, X a la manera geodésica)",400011255,"20.253 y 20.254, 03 y 04/05/2018",,19/09/2026
